Axle Type,Shoulder,P(kN),del T (C),k (MPa/m),h (m),l (m),S (kN)
Single,with concrete shoulders,80,0,40,0.15,0.6816,3.1111
Single,with concrete shoulders,80,0,40,0.2,0.8457,1.6482
Single,with concrete shoulders,80,0,40,0.25,0.9998,0.9595
Single,with concrete shoulders,80,0,40,0.3,1.1463,0.5767
Single,with concrete shoulders,80,0,40,0.35,1.2867,0.3389
Single,with concrete shoulders,80,0,40,0.4,1.4223,0.1789
Single,with concrete shoulders,80,0,80,0.15,0.5731,3.1632
Single,with concrete shoulders,80,0,80,0.2,0.7111,1.7083
Single,with concrete shoulders,80,0,80,0.25,0.8407,1.0268
Single,with concrete shoulders,80,0,80,0.3,0.9639,0.6504
Single,with concrete shoulders,80,0,80,0.35,1.082,0.4185
Single,with concrete shoulders,80,0,80,0.4,1.196,0.264
Single,with concrete shoulders,80,0,150,0.15,0.4898,2.8401
Single,with concrete shoulders,80,0,150,0.2,0.6077,1.5465
Single,with concrete shoulders,80,0,150,0.25,0.7184,0.9383
Single,with concrete shoulders,80,0,150,0.3,0.8237,0.6007
Single,with concrete shoulders,80,0,150,0.35,0.9247,0.3915
Single,with concrete shoulders,80,0,150,0.4,1.0221,0.2511
Single,with concrete shoulders,80,0,300,0.15,0.4119,2.3288
Single,with concrete shoulders,80,0,300,0.2,0.511,1.3488
Single,with concrete shoulders,80,0,300,0.25,0.6041,0.8974
Single,with concrete shoulders,80,0,300,0.3,0.6927,0.654
Single,with concrete shoulders,80,0,300,0.35,0.7775,0.5085
Single,with concrete shoulders,80,0,300,0.4,0.8594,0.4152
Single,with concrete shoulders,80,10,40,0.15,0.6816,3.3771
Single,with concrete shoulders,80,10,40,0.2,0.8457,1.9142
Single,with concrete shoulders,80,10,40,0.25,0.9998,1.2255
Single,with concrete shoulders,80,10,40,0.3,1.1463,0.8427
Single,with concrete shoulders,80,10,40,0.35,1.2867,0.6049
Single,with concrete shoulders,80,10,40,0.4,1.4223,0.4449
Single,with concrete shoulders,80,10,80,0.15,0.5731,3.4292
Single,with concrete shoulders,80,10,80,0.2,0.7111,1.9743
Single,with concrete shoulders,80,10,80,0.25,0.8407,1.2928
Single,with concrete shoulders,80,10,80,0.3,0.9639,0.9164
Single,with concrete shoulders,80,10,80,0.35,1.082,0.6845
Single,with concrete shoulders,80,10,80,0.4,1.196,0.53
Single,with concrete shoulders,80,10,150,0.15,0.4898,3.2491
Single,with concrete shoulders,80,10,150,0.2,0.6077,1.9555
Single,with concrete shoulders,80,10,150,0.25,0.7184,1.3473
Single,with concrete shoulders,80,10,150,0.3,0.8237,1.0097
Single,with concrete shoulders,80,10,150,0.35,0.9247,0.8005
Single,with concrete shoulders,80,10,150,0.4,1.0221,0.6601
Single,with concrete shoulders,80,10,300,0.15,0.4119,2.8508
Single,with concrete shoulders,80,10,300,0.2,0.511,1.8708
Single,with concrete shoulders,80,10,300,0.25,0.6041,1.4194
Single,with concrete shoulders,80,10,300,0.3,0.6927,1.176
Single,with concrete shoulders,80,10,300,0.35,0.7775,1.0305
Single,with concrete shoulders,80,10,300,0.4,0.8594,0.9372
Single,with concrete shoulders,80,15,40,0.15,0.6816,3.5101
Single,with concrete shoulders,80,15,40,0.2,0.8457,2.0472
Single,with concrete shoulders,80,15,40,0.25,0.9998,1.3585
Single,with concrete shoulders,80,15,40,0.3,1.1463,0.9757
Single,with concrete shoulders,80,15,40,0.35,1.2867,0.7379
Single,with concrete shoulders,80,15,40,0.4,1.4223,0.5779
Single,with concrete shoulders,80,15,80,0.15,0.5731,3.5622
Single,with concrete shoulders,80,15,80,0.2,0.7111,2.1073
Single,with concrete shoulders,80,15,80,0.25,0.8407,1.4258
Single,with concrete shoulders,80,15,80,0.3,0.9639,1.0494
Single,with concrete shoulders,80,15,80,0.35,1.082,0.8175
Single,with concrete shoulders,80,15,80,0.4,1.196,0.663
Single,with concrete shoulders,80,15,150,0.15,0.4898,3.4536
Single,with concrete shoulders,80,15,150,0.2,0.6077,2.16
Single,with concrete shoulders,80,15,150,0.25,0.7184,1.5518
Single,with concrete shoulders,80,15,150,0.3,0.8237,1.2142
Single,with concrete shoulders,80,15,150,0.35,0.9247,1.005
Single,with concrete shoulders,80,15,150,0.4,1.0221,0.8646
Single,with concrete shoulders,80,15,300,0.15,0.4119,3.1118
Single,with concrete shoulders,80,15,300,0.2,0.511,2.1318
Single,with concrete shoulders,80,15,300,0.25,0.6041,1.6804
Single,with concrete shoulders,80,15,300,0.3,0.6927,1.437
Single,with concrete shoulders,80,15,300,0.35,0.7775,1.2915
Single,with concrete shoulders,80,15,300,0.4,0.8594,1.1982
Single,with concrete shoulders,80,20,40,0.15,0.6816,3.6431
Single,with concrete shoulders,80,20,40,0.2,0.8457,2.1802
Single,with concrete shoulders,80,20,40,0.25,0.9998,1.4915
Single,with concrete shoulders,80,20,40,0.3,1.1463,1.1087
Single,with concrete shoulders,80,20,40,0.35,1.2867,0.8709
Single,with concrete shoulders,80,20,40,0.4,1.4223,0.7109
Single,with concrete shoulders,80,20,80,0.15,0.5731,3.6952
Single,with concrete shoulders,80,20,80,0.2,0.7111,2.2403
Single,with concrete shoulders,80,20,80,0.25,0.8407,1.5588
Single,with concrete shoulders,80,20,80,0.3,0.9639,1.1824
Single,with concrete shoulders,80,20,80,0.35,1.082,0.9505
Single,with concrete shoulders,80,20,80,0.4,1.196,0.796
Single,with concrete shoulders,80,20,150,0.15,0.4898,3.6581
Single,with concrete shoulders,80,20,150,0.2,0.6077,2.3645
Single,with concrete shoulders,80,20,150,0.25,0.7184,1.7563
Single,with concrete shoulders,80,20,150,0.3,0.8237,1.4187
Single,with concrete shoulders,80,20,150,0.35,0.9247,1.2095
Single,with concrete shoulders,80,20,150,0.4,1.0221,1.0691
Single,with concrete shoulders,80,20,300,0.15,0.4119,3.3728
Single,with concrete shoulders,80,20,300,0.2,0.511,2.3928
Single,with concrete shoulders,80,20,300,0.25,0.6041,1.9414
Single,with concrete shoulders,80,20,300,0.3,0.6927,1.698
Single,with concrete shoulders,80,20,300,0.35,0.7775,1.5525
Single,with concrete shoulders,80,20,300,0.4,0.8594,1.4592
Single,with concrete shoulders,120,0,40,0.15,0.6816,4.7515
Single,with concrete shoulders,120,0,40,0.2,0.8457,2.5709
Single,with concrete shoulders,120,0,40,0.25,0.9998,1.5501
Single,with concrete shoulders,120,0,40,0.3,1.1463,0.9868
Single,with concrete shoulders,120,0,40,0.35,1.2867,0.6402
Single,with concrete shoulders,120,0,40,0.4,1.4223,0.4096
Single,with concrete shoulders,120,0,80,0.15,0.5731,4.8036
Single,with concrete shoulders,120,0,80,0.2,0.7111,2.6311
Single,with concrete shoulders,120,0,80,0.25,0.8407,1.6173
Single,with concrete shoulders,120,0,80,0.3,0.9639,1.0605
Single,with concrete shoulders,120,0,80,0.35,1.082,0.7198
Single,with concrete shoulders,120,0,80,0.4,1.196,0.4947
Single,with concrete shoulders,120,0,150,0.15,0.4898,4.2929
Single,with concrete shoulders,120,0,150,0.2,0.6077,2.3637
Single,with concrete shoulders,120,0,150,0.25,0.7184,1.4613
Single,with concrete shoulders,120,0,150,0.3,0.8237,0.9639
Single,with concrete shoulders,120,0,150,0.35,0.9247,0.6584
Single,with concrete shoulders,120,0,150,0.4,1.0221,0.4554
Single,with concrete shoulders,120,0,300,0.15,0.4119,3.4548
Single,with concrete shoulders,120,0,300,0.2,0.511,1.9822
Single,with concrete shoulders,120,0,300,0.25,0.6041,1.3028
Single,with concrete shoulders,120,0,300,0.3,0.6927,0.9355
Single,with concrete shoulders,120,0,300,0.35,0.7775,0.7153
Single,with concrete shoulders,120,0,300,0.4,0.8594,0.5736
Single,with concrete shoulders,120,10,40,0.15,0.6816,5.0175
Single,with concrete shoulders,120,10,40,0.2,0.8457,2.8369
Single,with concrete shoulders,120,10,40,0.25,0.9998,1.8161
Single,with concrete shoulders,120,10,40,0.3,1.1463,1.2528
Single,with concrete shoulders,120,10,40,0.35,1.2867,0.9062
Single,with concrete shoulders,120,10,40,0.4,1.4223,0.6756
Single,with concrete shoulders,120,10,80,0.15,0.5731,5.0696
Single,with concrete shoulders,120,10,80,0.2,0.7111,2.8971
Single,with concrete shoulders,120,10,80,0.25,0.8407,1.8833
Single,with concrete shoulders,120,10,80,0.3,0.9639,1.3265
Single,with concrete shoulders,120,10,80,0.35,1.082,0.9858
Single,with concrete shoulders,120,10,80,0.4,1.196,0.7607
Single,with concrete shoulders,120,10,150,0.15,0.4898,4.7019
Single,with concrete shoulders,120,10,150,0.2,0.6077,2.7727
Single,with concrete shoulders,120,10,150,0.25,0.7184,1.8703
Single,with concrete shoulders,120,10,150,0.3,0.8237,1.3729
Single,with concrete shoulders,120,10,150,0.35,0.9247,1.0674
Single,with concrete shoulders,120,10,150,0.4,1.0221,0.8644
Single,with concrete shoulders,120,10,300,0.15,0.4119,3.9768
Single,with concrete shoulders,120,10,300,0.2,0.511,2.5042
Single,with concrete shoulders,120,10,300,0.25,0.6041,1.8248
Single,with concrete shoulders,120,10,300,0.3,0.6927,1.4575
Single,with concrete shoulders,120,10,300,0.35,0.7775,1.2373
Single,with concrete shoulders,120,10,300,0.4,0.8594,1.0956
Single,with concrete shoulders,120,15,40,0.15,0.6816,5.1505
Single,with concrete shoulders,120,15,40,0.2,0.8457,2.9699
Single,with concrete shoulders,120,15,40,0.25,0.9998,1.9491
Single,with concrete shoulders,120,15,40,0.3,1.1463,1.3858
Single,with concrete shoulders,120,15,40,0.35,1.2867,1.0392
Single,with concrete shoulders,120,15,40,0.4,1.4223,0.8086
Single,with concrete shoulders,120,15,80,0.15,0.5731,5.2026
Single,with concrete shoulders,120,15,80,0.2,0.7111,3.0301
Single,with concrete shoulders,120,15,80,0.25,0.8407,2.0163
Single,with concrete shoulders,120,15,80,0.3,0.9639,1.4595
Single,with concrete shoulders,120,15,80,0.35,1.082,1.1188
Single,with concrete shoulders,120,15,80,0.4,1.196,0.8937
Single,with concrete shoulders,120,15,150,0.15,0.4898,4.9064
Single,with concrete shoulders,120,15,150,0.2,0.6077,2.9772
Single,with concrete shoulders,120,15,150,0.25,0.7184,2.0748
Single,with concrete shoulders,120,15,150,0.3,0.8237,1.5774
Single,with concrete shoulders,120,15,150,0.35,0.9247,1.2719
Single,with concrete shoulders,120,15,150,0.4,1.0221,1.0689
Single,with concrete shoulders,120,15,300,0.15,0.4119,4.2378
Single,with concrete shoulders,120,15,300,0.2,0.511,2.7652
Single,with concrete shoulders,120,15,300,0.25,0.6041,2.0858
Single,with concrete shoulders,120,15,300,0.3,0.6927,1.7185
Single,with concrete shoulders,120,15,300,0.35,0.7775,1.4983
Single,with concrete shoulders,120,15,300,0.4,0.8594,1.3566
Single,with concrete shoulders,120,20,40,0.15,0.6816,5.2835
Single,with concrete shoulders,120,20,40,0.2,0.8457,3.1029
Single,with concrete shoulders,120,20,40,0.25,0.9998,2.0821
Single,with concrete shoulders,120,20,40,0.3,1.1463,1.5188
Single,with concrete shoulders,120,20,40,0.35,1.2867,1.1722
Single,with concrete shoulders,120,20,40,0.4,1.4223,0.9416
Single,with concrete shoulders,120,20,80,0.15,0.5731,5.3356
Single,with concrete shoulders,120,20,80,0.2,0.7111,3.1631
Single,with concrete shoulders,120,20,80,0.25,0.8407,2.1493
Single,with concrete shoulders,120,20,80,0.3,0.9639,1.5925
Single,with concrete shoulders,120,20,80,0.35,1.082,1.2518
Single,with concrete shoulders,120,20,80,0.4,1.196,1.0267
Single,with concrete shoulders,120,20,150,0.15,0.4898,5.1109
Single,with concrete shoulders,120,20,150,0.2,0.6077,3.1817
Single,with concrete shoulders,120,20,150,0.25,0.7184,2.2793
Single,with concrete shoulders,120,20,150,0.3,0.8237,1.7819
Single,with concrete shoulders,120,20,150,0.35,0.9247,1.4764
Single,with concrete shoulders,120,20,150,0.4,1.0221,1.2734
Single,with concrete shoulders,120,20,300,0.15,0.4119,4.4988
Single,with concrete shoulders,120,20,300,0.2,0.511,3.0262
Single,with concrete shoulders,120,20,300,0.25,0.6041,2.3468
Single,with concrete shoulders,120,20,300,0.3,0.6927,1.9795
Single,with concrete shoulders,120,20,300,0.35,0.7775,1.7593
Single,with concrete shoulders,120,20,300,0.4,0.8594,1.6176
Single,with concrete shoulders,160,0,40,0.15,0.6816,6.392
Single,with concrete shoulders,160,0,40,0.2,0.8457,3.4937
Single,with concrete shoulders,160,0,40,0.25,0.9998,2.1407
Single,with concrete shoulders,160,0,40,0.3,1.1463,1.3969
Single,with concrete shoulders,160,0,40,0.35,1.2867,0.9416
Single,with concrete shoulders,160,0,40,0.4,1.4223,0.6403
Single,with concrete shoulders,160,0,80,0.15,0.5731,6.4441
Single,with concrete shoulders,160,0,80,0.2,0.7111,3.5538
Single,with concrete shoulders,160,0,80,0.25,0.8407,2.2079
Single,with concrete shoulders,160,0,80,0.3,0.9639,1.4706
Single,with concrete shoulders,160,0,80,0.35,1.082,1.0211
Single,with concrete shoulders,160,0,80,0.4,1.196,0.7254
Single,with concrete shoulders,160,0,150,0.15,0.4898,5.7457
Single,with concrete shoulders,160,0,150,0.2,0.6077,3.1808
Single,with concrete shoulders,160,0,150,0.25,0.7184,1.9843
Single,with concrete shoulders,160,0,150,0.3,0.8237,1.3271
Single,with concrete shoulders,160,0,150,0.35,0.9247,0.9252
Single,with concrete shoulders,160,0,150,0.4,1.0221,0.6597
Single,with concrete shoulders,160,0,300,0.15,0.4119,4.5809
Single,with concrete shoulders,160,0,300,0.2,0.511,2.6156
Single,with concrete shoulders,160,0,300,0.25,0.6041,1.7082
Single,with concrete shoulders,160,0,300,0.3,0.6927,1.217
Single,with concrete shoulders,160,0,300,0.35,0.7775,0.9222
Single,with concrete shoulders,160,0,300,0.4,0.8594,0.7319
Single,with concrete shoulders,160,10,40,0.15,0.6816,6.658
Single,with concrete shoulders,160,10,40,0.2,0.8457,3.7597
Single,with concrete shoulders,160,10,40,0.25,0.9998,2.4067
Single,with concrete shoulders,160,10,40,0.3,1.1463,1.6629
Single,with concrete shoulders,160,10,40,0.35,1.2867,1.2076
Single,with concrete shoulders,160,10,40,0.4,1.4223,0.9063
Single,with concrete shoulders,160,10,80,0.15,0.5731,6.7101
Single,with concrete shoulders,160,10,80,0.2,0.7111,3.8198
Single,with concrete shoulders,160,10,80,0.25,0.8407,2.4739
Single,with concrete shoulders,160,10,80,0.3,0.9639,1.7366
Single,with concrete shoulders,160,10,80,0.35,1.082,1.2871
Single,with concrete shoulders,160,10,80,0.4,1.196,0.9914
Single,with concrete shoulders,160,10,150,0.15,0.4898,6.1547
Single,with concrete shoulders,160,10,150,0.2,0.6077,3.5898
Single,with concrete shoulders,160,10,150,0.25,0.7184,2.3933
Single,with concrete shoulders,160,10,150,0.3,0.8237,1.7361
Single,with concrete shoulders,160,10,150,0.35,0.9247,1.3342
Single,with concrete shoulders,160,10,150,0.4,1.0221,1.0687
Single,with concrete shoulders,160,10,300,0.15,0.4119,5.1029
Single,with concrete shoulders,160,10,300,0.2,0.511,3.1376
Single,with concrete shoulders,160,10,300,0.25,0.6041,2.2302
Single,with concrete shoulders,160,10,300,0.3,0.6927,1.739
Single,with concrete shoulders,160,10,300,0.35,0.7775,1.4442
Single,with concrete shoulders,160,10,300,0.4,0.8594,1.2539
Single,with concrete shoulders,160,15,40,0.15,0.6816,6.791
Single,with concrete shoulders,160,15,40,0.2,0.8457,3.8927
Single,with concrete shoulders,160,15,40,0.25,0.9998,2.5397
Single,with concrete shoulders,160,15,40,0.3,1.1463,1.7959
Single,with concrete shoulders,160,15,40,0.35,1.2867,1.3406
Single,with concrete shoulders,160,15,40,0.4,1.4223,1.0393
Single,with concrete shoulders,160,15,80,0.15,0.5731,6.8431
Single,with concrete shoulders,160,15,80,0.2,0.7111,3.9528
Single,with concrete shoulders,160,15,80,0.25,0.8407,2.6069
Single,with concrete shoulders,160,15,80,0.3,0.9639,1.8696
Single,with concrete shoulders,160,15,80,0.35,1.082,1.4201
Single,with concrete shoulders,160,15,80,0.4,1.196,1.1244
Single,with concrete shoulders,160,15,150,0.15,0.4898,6.3592
Single,with concrete shoulders,160,15,150,0.2,0.6077,3.7943
Single,with concrete shoulders,160,15,150,0.25,0.7184,2.5978
Single,with concrete shoulders,160,15,150,0.3,0.8237,1.9406
Single,with concrete shoulders,160,15,150,0.35,0.9247,1.5387
Single,with concrete shoulders,160,15,150,0.4,1.0221,1.2732
Single,with concrete shoulders,160,15,300,0.15,0.4119,5.3639
Single,with concrete shoulders,160,15,300,0.2,0.511,3.3986
Single,with concrete shoulders,160,15,300,0.25,0.6041,2.4912
Single,with concrete shoulders,160,15,300,0.3,0.6927,2
Single,with concrete shoulders,160,15,300,0.35,0.7775,1.7052
Single,with concrete shoulders,160,15,300,0.4,0.8594,1.5149
Single,with concrete shoulders,160,20,40,0.15,0.6816,6.924
Single,with concrete shoulders,160,20,40,0.2,0.8457,4.0257
Single,with concrete shoulders,160,20,40,0.25,0.9998,2.6727
Single,with concrete shoulders,160,20,40,0.3,1.1463,1.9289
Single,with concrete shoulders,160,20,40,0.35,1.2867,1.4736
Single,with concrete shoulders,160,20,40,0.4,1.4223,1.1723
Single,with concrete shoulders,160,20,80,0.15,0.5731,6.9761
Single,with concrete shoulders,160,20,80,0.2,0.7111,4.0858
Single,with concrete shoulders,160,20,80,0.25,0.8407,2.7399
Single,with concrete shoulders,160,20,80,0.3,0.9639,2.0026
Single,with concrete shoulders,160,20,80,0.35,1.082,1.5531
Single,with concrete shoulders,160,20,80,0.4,1.196,1.2574
Single,with concrete shoulders,160,20,150,0.15,0.4898,6.5637
Single,with concrete shoulders,160,20,150,0.2,0.6077,3.9988
Single,with concrete shoulders,160,20,150,0.25,0.7184,2.8023
Single,with concrete shoulders,160,20,150,0.3,0.8237,2.1451
Single,with concrete shoulders,160,20,150,0.35,0.9247,1.7432
Single,with concrete shoulders,160,20,150,0.4,1.0221,1.4777
Single,with concrete shoulders,160,20,300,0.15,0.4119,5.6249
Single,with concrete shoulders,160,20,300,0.2,0.511,3.6596
Single,with concrete shoulders,160,20,300,0.25,0.6041,2.7522
Single,with concrete shoulders,160,20,300,0.3,0.6927,2.261
Single,with concrete shoulders,160,20,300,0.35,0.7775,1.9662
Single,with concrete shoulders,160,20,300,0.4,0.8594,1.7759
Single,without concrete shoulders,80,0,40,0.15,0.6816,4.1268
Single,without concrete shoulders,80,0,40,0.2,0.8457,2.2114
Single,without concrete shoulders,80,0,40,0.25,0.9998,1.32
Single,without concrete shoulders,80,0,40,0.3,1.1463,0.832
Single,without concrete shoulders,80,0,40,0.35,1.2867,0.5348
Single,without concrete shoulders,80,0,40,0.4,1.4223,0.3395
Single,without concrete shoulders,80,0,80,0.15,0.5731,4.149
Single,without concrete shoulders,80,0,80,0.2,0.7111,2.237
Single,without concrete shoulders,80,0,80,0.25,0.8407,1.3485
Single,without concrete shoulders,80,0,80,0.3,0.9639,0.8633
Single,without concrete shoulders,80,0,80,0.35,1.082,0.5686
Single,without concrete shoulders,80,0,80,0.4,1.196,0.3757
Single,without concrete shoulders,80,0,150,0.15,0.4898,3.7009
Single,without concrete shoulders,80,0,150,0.2,0.6077,2.0031
Single,without concrete shoulders,80,0,150,0.25,0.7184,1.2144
Single,without concrete shoulders,80,0,150,0.3,0.8237,0.7837
Single,without concrete shoulders,80,0,150,0.35,0.9247,0.5223
Single,without concrete shoulders,80,0,150,0.4,1.0221,0.3512
Single,without concrete shoulders,80,0,300,0.15,0.4119,3.1869
Single,without concrete shoulders,80,0,300,0.2,0.511,1.7326
Single,without concrete shoulders,80,0,300,0.25,0.6041,1.0643
Single,without concrete shoulders,80,0,300,0.3,0.6927,0.705
Single,without concrete shoulders,80,0,300,0.35,0.7775,0.4912
Single,without concrete shoulders,80,0,300,0.4,0.8594,0.3548
Single,without concrete shoulders,80,10,40,0.15,0.6816,4.4238
Single,without concrete shoulders,80,10,40,0.2,0.8457,2.5084
Single,without concrete shoulders,80,10,40,0.25,0.9998,1.617
Single,without concrete shoulders,80,10,40,0.3,1.1463,1.129
Single,without concrete shoulders,80,10,40,0.35,1.2867,0.8318
Single,without concrete shoulders,80,10,40,0.4,1.4223,0.6365
Single,without concrete shoulders,80,10,80,0.15,0.5731,4.446
Single,without concrete shoulders,80,10,80,0.2,0.7111,2.534
Single,without concrete shoulders,80,10,80,0.25,0.8407,1.6455
Single,without concrete shoulders,80,10,80,0.3,0.9639,1.1603
Single,without concrete shoulders,80,10,80,0.35,1.082,0.8656
Single,without concrete shoulders,80,10,80,0.4,1.196,0.6727
Single,without concrete shoulders,80,10,150,0.15,0.4898,4.1569
Single,without concrete shoulders,80,10,150,0.2,0.6077,2.4591
Single,without concrete shoulders,80,10,150,0.25,0.7184,1.6704
Single,without concrete shoulders,80,10,150,0.3,0.8237,1.2397
Single,without concrete shoulders,80,10,150,0.35,0.9247,0.9783
Single,without concrete shoulders,80,10,150,0.4,1.0221,0.8072
Single,without concrete shoulders,80,10,300,0.15,0.4119,3.7719
Single,without concrete shoulders,80,10,300,0.2,0.511,2.3176
Single,without concrete shoulders,80,10,300,0.25,0.6041,1.6493
Single,without concrete shoulders,80,10,300,0.3,0.6927,1.29
Single,without concrete shoulders,80,10,300,0.35,0.7775,1.0762
Single,without concrete shoulders,80,10,300,0.4,0.8594,0.9398
Single,without concrete shoulders,80,15,40,0.15,0.6816,4.5723
Single,without concrete shoulders,80,15,40,0.2,0.8457,2.6569
Single,without concrete shoulders,80,15,40,0.25,0.9998,1.7655
Single,without concrete shoulders,80,15,40,0.3,1.1463,1.2775
Single,without concrete shoulders,80,15,40,0.35,1.2867,0.9803
Single,without concrete shoulders,80,15,40,0.4,1.4223,0.785
Single,without concrete shoulders,80,15,80,0.15,0.5731,4.5945
Single,without concrete shoulders,80,15,80,0.2,0.7111,2.6825
Single,without concrete shoulders,80,15,80,0.25,0.8407,1.794
Single,without concrete shoulders,80,15,80,0.3,0.9639,1.3088
Single,without concrete shoulders,80,15,80,0.35,1.082,1.0141
Single,without concrete shoulders,80,15,80,0.4,1.196,0.8212
Single,without concrete shoulders,80,15,150,0.15,0.4898,4.3849
Single,without concrete shoulders,80,15,150,0.2,0.6077,2.6871
Single,without concrete shoulders,80,15,150,0.25,0.7184,1.8984
Single,without concrete shoulders,80,15,150,0.3,0.8237,1.4677
Single,without concrete shoulders,80,15,150,0.35,0.9247,1.2063
Single,without concrete shoulders,80,15,150,0.4,1.0221,1.0352
Single,without concrete shoulders,80,15,300,0.15,0.4119,4.0644
Single,without concrete shoulders,80,15,300,0.2,0.511,2.6101
Single,without concrete shoulders,80,15,300,0.25,0.6041,1.9418
Single,without concrete shoulders,80,15,300,0.3,0.6927,1.5825
Single,without concrete shoulders,80,15,300,0.35,0.7775,1.3687
Single,without concrete shoulders,80,15,300,0.4,0.8594,1.2323
Single,without concrete shoulders,80,20,40,0.15,0.6816,4.7208
Single,without concrete shoulders,80,20,40,0.2,0.8457,2.8054
Single,without concrete shoulders,80,20,40,0.25,0.9998,1.914
Single,without concrete shoulders,80,20,40,0.3,1.1463,1.426
Single,without concrete shoulders,80,20,40,0.35,1.2867,1.1288
Single,without concrete shoulders,80,20,40,0.4,1.4223,0.9335
Single,without concrete shoulders,80,20,80,0.15,0.5731,4.743
Single,without concrete shoulders,80,20,80,0.2,0.7111,2.831
Single,without concrete shoulders,80,20,80,0.25,0.8407,1.9425
Single,without concrete shoulders,80,20,80,0.3,0.9639,1.4573
Single,without concrete shoulders,80,20,80,0.35,1.082,1.1626
Single,without concrete shoulders,80,20,80,0.4,1.196,0.9697
Single,without concrete shoulders,80,20,150,0.15,0.4898,4.6129
Single,without concrete shoulders,80,20,150,0.2,0.6077,2.9151
Single,without concrete shoulders,80,20,150,0.25,0.7184,2.1264
Single,without concrete shoulders,80,20,150,0.3,0.8237,1.6957
Single,without concrete shoulders,80,20,150,0.35,0.9247,1.4343
Single,without concrete shoulders,80,20,150,0.4,1.0221,1.2632
Single,without concrete shoulders,80,20,300,0.15,0.4119,4.3569
Single,without concrete shoulders,80,20,300,0.2,0.511,2.9026
Single,without concrete shoulders,80,20,300,0.25,0.6041,2.2343
Single,without concrete shoulders,80,20,300,0.3,0.6927,1.875
Single,without concrete shoulders,80,20,300,0.35,0.7775,1.6612
Single,without concrete shoulders,80,20,300,0.4,0.8594,1.5248
Single,without concrete shoulders,120,0,40,0.15,0.6816,6.3025
Single,without concrete shoulders,120,0,40,0.2,0.8457,3.4352
Single,without concrete shoulders,120,0,40,0.25,0.9998,2.1032
Single,without concrete shoulders,120,0,40,0.3,1.1463,1.3759
Single,without concrete shoulders,120,0,40,0.35,1.2867,0.9344
Single,without concrete shoulders,120,0,40,0.4,1.4223,0.6455
Single,without concrete shoulders,120,0,80,0.15,0.5731,6.3247
Single,without concrete shoulders,120,0,80,0.2,0.7111,3.4608
Single,without concrete shoulders,120,0,80,0.25,0.8407,2.1318
Single,without concrete shoulders,120,0,80,0.3,0.9639,1.4072
Single,without concrete shoulders,120,0,80,0.35,1.082,0.9682
Single,without concrete shoulders,120,0,80,0.4,1.196,0.6816
Single,without concrete shoulders,120,0,150,0.15,0.4898,5.6334
Single,without concrete shoulders,120,0,150,0.2,0.6077,3.0901
Single,without concrete shoulders,120,0,150,0.25,0.7184,1.9101
Single,without concrete shoulders,120,0,150,0.3,0.8237,1.2668
Single,without concrete shoulders,120,0,150,0.35,0.9247,0.8773
Single,without concrete shoulders,120,0,150,0.4,1.0221,0.623
Single,without concrete shoulders,120,0,300,0.15,0.4119,4.8621
Single,without concrete shoulders,120,0,300,0.2,0.511,2.6749
Single,without concrete shoulders,120,0,300,0.25,0.6041,1.6674
Single,without concrete shoulders,120,0,300,0.3,0.6927,1.1238
Single,without concrete shoulders,120,0,300,0.35,0.7775,0.7989
Single,without concrete shoulders,120,0,300,0.4,0.8594,0.5904
Single,without concrete shoulders,120,10,40,0.15,0.6816,6.5995
Single,without concrete shoulders,120,10,40,0.2,0.8457,3.7322
Single,without concrete shoulders,120,10,40,0.25,0.9998,2.4002
Single,without concrete shoulders,120,10,40,0.3,1.1463,1.6729
Single,without concrete shoulders,120,10,40,0.35,1.2867,1.2314
Single,without concrete shoulders,120,10,40,0.4,1.4223,0.9425
Single,without concrete shoulders,120,10,80,0.15,0.5731,6.6217
Single,without concrete shoulders,120,10,80,0.2,0.7111,3.7578
Single,without concrete shoulders,120,10,80,0.25,0.8407,2.4288
Single,without concrete shoulders,120,10,80,0.3,0.9639,1.7042
Single,without concrete shoulders,120,10,80,0.35,1.082,1.2652
Single,without concrete shoulders,120,10,80,0.4,1.196,0.9786
Single,without concrete shoulders,120,10,150,0.15,0.4898,6.0894
Single,without concrete shoulders,120,10,150,0.2,0.6077,3.5461
Single,without concrete shoulders,120,10,150,0.25,0.7184,2.3661
Single,without concrete shoulders,120,10,150,0.3,0.8237,1.7228
Single,without concrete shoulders,120,10,150,0.35,0.9247,1.3333
Single,without concrete shoulders,120,10,150,0.4,1.0221,1.079
Single,without concrete shoulders,120,10,300,0.15,0.4119,5.4471
Single,without concrete shoulders,120,10,300,0.2,0.511,3.2599
Single,without concrete shoulders,120,10,300,0.25,0.6041,2.2524
Single,without concrete shoulders,120,10,300,0.3,0.6927,1.7088
Single,without concrete shoulders,120,10,300,0.35,0.7775,1.3839
Single,without concrete shoulders,120,10,300,0.4,0.8594,1.1754
Single,without concrete shoulders,120,15,40,0.15,0.6816,6.748
Single,without concrete shoulders,120,15,40,0.2,0.8457,3.8807
Single,without concrete shoulders,120,15,40,0.25,0.9998,2.5487
Single,without concrete shoulders,120,15,40,0.3,1.1463,1.8214
Single,without concrete shoulders,120,15,40,0.35,1.2867,1.3799
Single,without concrete shoulders,120,15,40,0.4,1.4223,1.091
Single,without concrete shoulders,120,15,80,0.15,0.5731,6.7702
Single,without concrete shoulders,120,15,80,0.2,0.7111,3.9063
Single,without concrete shoulders,120,15,80,0.25,0.8407,2.5773
Single,without concrete shoulders,120,15,80,0.3,0.9639,1.8527
Single,without concrete shoulders,120,15,80,0.35,1.082,1.4137
Single,without concrete shoulders,120,15,80,0.4,1.196,1.1271
Single,without concrete shoulders,120,15,150,0.15,0.4898,6.3174
Single,without concrete shoulders,120,15,150,0.2,0.6077,3.7741
Single,without concrete shoulders,120,15,150,0.25,0.7184,2.5941
Single,without concrete shoulders,120,15,150,0.3,0.8237,1.9508
Single,without concrete shoulders,120,15,150,0.35,0.9247,1.5613
Single,without concrete shoulders,120,15,150,0.4,1.0221,1.307
Single,without concrete shoulders,120,15,300,0.15,0.4119,5.7396
Single,without concrete shoulders,120,15,300,0.2,0.511,3.5524
Single,without concrete shoulders,120,15,300,0.25,0.6041,2.5449
Single,without concrete shoulders,120,15,300,0.3,0.6927,2.0013
Single,without concrete shoulders,120,15,300,0.35,0.7775,1.6764
Single,without concrete shoulders,120,15,300,0.4,0.8594,1.4679
Single,without concrete shoulders,120,20,40,0.15,0.6816,6.8965
Single,without concrete shoulders,120,20,40,0.2,0.8457,4.0292
Single,without concrete shoulders,120,20,40,0.25,0.9998,2.6972
Single,without concrete shoulders,120,20,40,0.3,1.1463,1.9699
Single,without concrete shoulders,120,20,40,0.35,1.2867,1.5284
Single,without concrete shoulders,120,20,40,0.4,1.4223,1.2395
Single,without concrete shoulders,120,20,80,0.15,0.5731,6.9187
Single,without concrete shoulders,120,20,80,0.2,0.7111,4.0548
Single,without concrete shoulders,120,20,80,0.25,0.8407,2.7258
Single,without concrete shoulders,120,20,80,0.3,0.9639,2.0012
Single,without concrete shoulders,120,20,80,0.35,1.082,1.5622
Single,without concrete shoulders,120,20,80,0.4,1.196,1.2756
Single,without concrete shoulders,120,20,150,0.15,0.4898,6.5454
Single,without concrete shoulders,120,20,150,0.2,0.6077,4.0021
Single,without concrete shoulders,120,20,150,0.25,0.7184,2.8221
Single,without concrete shoulders,120,20,150,0.3,0.8237,2.1788
Single,without concrete shoulders,120,20,150,0.35,0.9247,1.7893
Single,without concrete shoulders,120,20,150,0.4,1.0221,1.535
Single,without concrete shoulders,120,20,300,0.15,0.4119,6.0321
Single,without concrete shoulders,120,20,300,0.2,0.511,3.8449
Single,without concrete shoulders,120,20,300,0.25,0.6041,2.8374
Single,without concrete shoulders,120,20,300,0.3,0.6927,2.2938
Single,without concrete shoulders,120,20,300,0.35,0.7775,1.9689
Single,without concrete shoulders,120,20,300,0.4,0.8594,1.7604
Single,without concrete shoulders,160,0,40,0.15,0.6816,8.4782
Single,without concrete shoulders,160,0,40,0.2,0.8457,4.6591
Single,without concrete shoulders,160,0,40,0.25,0.9998,2.8865
Single,without concrete shoulders,160,0,40,0.3,1.1463,1.9198
Single,without concrete shoulders,160,0,40,0.35,1.2867,1.3341
Single,without concrete shoulders,160,0,40,0.4,1.4223,0.9514
Single,without concrete shoulders,160,0,80,0.15,0.5731,8.5004
Single,without concrete shoulders,160,0,80,0.2,0.7111,4.6846
Single,without concrete shoulders,160,0,80,0.25,0.8407,2.915
Single,without concrete shoulders,160,0,80,0.3,0.9639,1.9511
Single,without concrete shoulders,160,0,80,0.35,1.082,1.3679
Single,without concrete shoulders,160,0,80,0.4,1.196,0.9876
Single,without concrete shoulders,160,0,150,0.15,0.4898,7.5658
Single,without concrete shoulders,160,0,150,0.2,0.6077,4.1771
Single,without concrete shoulders,160,0,150,0.25,0.7184,2.6057
Single,without concrete shoulders,160,0,150,0.3,0.8237,1.75
Single,without concrete shoulders,160,0,150,0.35,0.9247,1.2322
Single,without concrete shoulders,160,0,150,0.4,1.0221,0.8947
Single,without concrete shoulders,160,0,300,0.15,0.4119,6.5374
Single,without concrete shoulders,160,0,300,0.2,0.511,3.6173
Single,without concrete shoulders,160,0,300,0.25,0.6041,2.2705
Single,without concrete shoulders,160,0,300,0.3,0.6927,1.5426
Single,without concrete shoulders,160,0,300,0.35,0.7775,1.1066
Single,without concrete shoulders,160,0,300,0.4,0.8594,0.826
Single,without concrete shoulders,160,10,40,0.15,0.6816,8.7752
Single,without concrete shoulders,160,10,40,0.2,0.8457,4.9561
Single,without concrete shoulders,160,10,40,0.25,0.9998,3.1835
Single,without concrete shoulders,160,10,40,0.3,1.1463,2.2168
Single,without concrete shoulders,160,10,40,0.35,1.2867,1.6311
Single,without concrete shoulders,160,10,40,0.4,1.4223,1.2484
Single,without concrete shoulders,160,10,80,0.15,0.5731,8.7974
Single,without concrete shoulders,160,10,80,0.2,0.7111,4.9816
Single,without concrete shoulders,160,10,80,0.25,0.8407,3.212
Single,without concrete shoulders,160,10,80,0.3,0.9639,2.2481
Single,without concrete shoulders,160,10,80,0.35,1.082,1.6649
Single,without concrete shoulders,160,10,80,0.4,1.196,1.2846
Single,without concrete shoulders,160,10,150,0.15,0.4898,8.0218
Single,without concrete shoulders,160,10,150,0.2,0.6077,4.6331
Single,without concrete shoulders,160,10,150,0.25,0.7184,3.0617
Single,without concrete shoulders,160,10,150,0.3,0.8237,2.206
Single,without concrete shoulders,160,10,150,0.35,0.9247,1.6882
Single,without concrete shoulders,160,10,150,0.4,1.0221,1.3507
Single,without concrete shoulders,160,10,300,0.15,0.4119,7.1224
Single,without concrete shoulders,160,10,300,0.2,0.511,4.2023
Single,without concrete shoulders,160,10,300,0.25,0.6041,2.8555
Single,without concrete shoulders,160,10,300,0.3,0.6927,2.1276
Single,without concrete shoulders,160,10,300,0.35,0.7775,1.6916
Single,without concrete shoulders,160,10,300,0.4,0.8594,1.411
Single,without concrete shoulders,160,15,40,0.15,0.6816,8.9237
Single,without concrete shoulders,160,15,40,0.2,0.8457,5.1046
Single,without concrete shoulders,160,15,40,0.25,0.9998,3.332
Single,without concrete shoulders,160,15,40,0.3,1.1463,2.3653
Single,without concrete shoulders,160,15,40,0.35,1.2867,1.7796
Single,without concrete shoulders,160,15,40,0.4,1.4223,1.3969
Single,without concrete shoulders,160,15,80,0.15,0.5731,8.9459
Single,without concrete shoulders,160,15,80,0.2,0.7111,5.1301
Single,without concrete shoulders,160,15,80,0.25,0.8407,3.3605
Single,without concrete shoulders,160,15,80,0.3,0.9639,2.3966
Single,without concrete shoulders,160,15,80,0.35,1.082,1.8134
Single,without concrete shoulders,160,15,80,0.4,1.196,1.4331
Single,without concrete shoulders,160,15,150,0.15,0.4898,8.2498
Single,without concrete shoulders,160,15,150,0.2,0.6077,4.8611
Single,without concrete shoulders,160,15,150,0.25,0.7184,3.2897
Single,without concrete shoulders,160,15,150,0.3,0.8237,2.434
Single,without concrete shoulders,160,15,150,0.35,0.9247,1.9162
Single,without concrete shoulders,160,15,150,0.4,1.0221,1.5787
Single,without concrete shoulders,160,15,300,0.15,0.4119,7.4149
Single,without concrete shoulders,160,15,300,0.2,0.511,4.4948
Single,without concrete shoulders,160,15,300,0.25,0.6041,3.148
Single,without concrete shoulders,160,15,300,0.3,0.6927,2.4201
Single,without concrete shoulders,160,15,300,0.35,0.7775,1.9841
Single,without concrete shoulders,160,15,300,0.4,0.8594,1.7035
Single,without concrete shoulders,160,20,40,0.15,0.6816,9.0722
Single,without concrete shoulders,160,20,40,0.2,0.8457,5.2531
Single,without concrete shoulders,160,20,40,0.25,0.9998,3.4805
Single,without concrete shoulders,160,20,40,0.3,1.1463,2.5138
Single,without concrete shoulders,160,20,40,0.35,1.2867,1.9281
Single,without concrete shoulders,160,20,40,0.4,1.4223,1.5454
Single,without concrete shoulders,160,20,80,0.15,0.5731,9.0944
Single,without concrete shoulders,160,20,80,0.2,0.7111,5.2786
Single,without concrete shoulders,160,20,80,0.25,0.8407,3.509
Single,without concrete shoulders,160,20,80,0.3,0.9639,2.5451
Single,without concrete shoulders,160,20,80,0.35,1.082,1.9619
Single,without concrete shoulders,160,20,80,0.4,1.196,1.5816
Single,without concrete shoulders,160,20,150,0.15,0.4898,8.4778
Single,without concrete shoulders,160,20,150,0.2,0.6077,5.0891
Single,without concrete shoulders,160,20,150,0.25,0.7184,3.5177
Single,without concrete shoulders,160,20,150,0.3,0.8237,2.662
Single,without concrete shoulders,160,20,150,0.35,0.9247,2.1442
Single,without concrete shoulders,160,20,150,0.4,1.0221,1.8067
Single,without concrete shoulders,160,20,300,0.15,0.4119,7.7074
Single,without concrete shoulders,160,20,300,0.2,0.511,4.7873
Single,without concrete shoulders,160,20,300,0.25,0.6041,3.4405
Single,without concrete shoulders,160,20,300,0.3,0.6927,2.7126
Single,without concrete shoulders,160,20,300,0.35,0.7775,2.2766
Single,without concrete shoulders,160,20,300,0.4,0.8594,1.996
Tandem,with concrete shoulders,160,0,40,0.15,0.6816,2.689
Tandem,with concrete shoulders,160,0,40,0.2,0.8457,1.4463
Tandem,with concrete shoulders,160,0,40,0.25,0.9998,0.8729
Tandem,with concrete shoulders,160,0,40,0.3,1.1463,0.5627
Tandem,with concrete shoulders,160,0,40,0.35,1.2867,0.3767
Tandem,with concrete shoulders,160,0,40,0.4,1.4223,0.2569
Tandem,with concrete shoulders,160,0,80,0.15,0.5731,2.6811
Tandem,with concrete shoulders,160,0,80,0.2,0.7111,1.4372
Tandem,with concrete shoulders,160,0,80,0.25,0.8407,0.8627
Tandem,with concrete shoulders,160,0,80,0.3,0.9639,0.5515
Tandem,with concrete shoulders,160,0,80,0.35,1.082,0.3647
Tandem,with concrete shoulders,160,0,80,0.4,1.196,0.244
Tandem,with concrete shoulders,160,0,150,0.15,0.4898,2.2631
Tandem,with concrete shoulders,160,0,150,0.2,0.6077,1.2076
Tandem,with concrete shoulders,160,0,150,0.25,0.7184,0.7203
Tandem,with concrete shoulders,160,0,150,0.3,0.8237,0.4564
Tandem,with concrete shoulders,160,0,150,0.35,0.9247,0.298
Tandem,with concrete shoulders,160,0,150,0.4,1.0221,0.1958
Tandem,with concrete shoulders,160,0,300,0.15,0.4119,1.8609
Tandem,with concrete shoulders,160,0,300,0.2,0.511,0.9793
Tandem,with concrete shoulders,160,0,300,0.25,0.6041,0.5739
Tandem,with concrete shoulders,160,0,300,0.3,0.6927,0.3557
Tandem,with concrete shoulders,160,0,300,0.35,0.7775,0.2257
Tandem,with concrete shoulders,160,0,300,0.4,0.8594,0.1427
Tandem,with concrete shoulders,160,10,40,0.15,0.6816,2.896
Tandem,with concrete shoulders,160,10,40,0.2,0.8457,1.6533
Tandem,with concrete shoulders,160,10,40,0.25,0.9998,1.0799
Tandem,with concrete shoulders,160,10,40,0.3,1.1463,0.7697
Tandem,with concrete shoulders,160,10,40,0.35,1.2867,0.5837
Tandem,with concrete shoulders,160,10,40,0.4,1.4223,0.4639
Tandem,with concrete shoulders,160,10,80,0.15,0.5731,2.8881
Tandem,with concrete shoulders,160,10,80,0.2,0.7111,1.6442
Tandem,with concrete shoulders,160,10,80,0.25,0.8407,1.0697
Tandem,with concrete shoulders,160,10,80,0.3,0.9639,0.7585
Tandem,with concrete shoulders,160,10,80,0.35,1.082,0.5717
Tandem,with concrete shoulders,160,10,80,0.4,1.196,0.451
Tandem,with concrete shoulders,160,10,150,0.15,0.4898,2.6271
Tandem,with concrete shoulders,160,10,150,0.2,0.6077,1.5716
Tandem,with concrete shoulders,160,10,150,0.25,0.7184,1.0843
Tandem,with concrete shoulders,160,10,150,0.3,0.8237,0.8204
Tandem,with concrete shoulders,160,10,150,0.35,0.9247,0.662
Tandem,with concrete shoulders,160,10,150,0.4,1.0221,0.5598
Tandem,with concrete shoulders,160,10,300,0.15,0.4119,2.3669
Tandem,with concrete shoulders,160,10,300,0.2,0.511,1.4853
Tandem,with concrete shoulders,160,10,300,0.25,0.6041,1.0799
Tandem,with concrete shoulders,160,10,300,0.3,0.6927,0.8617
Tandem,with concrete shoulders,160,10,300,0.35,0.7775,0.7317
Tandem,with concrete shoulders,160,10,300,0.4,0.8594,0.6487
Tandem,with concrete shoulders,160,15,40,0.15,0.6816,2.9995
Tandem,with concrete shoulders,160,15,40,0.2,0.8457,1.7568
Tandem,with concrete shoulders,160,15,40,0.25,0.9998,1.1834
Tandem,with concrete shoulders,160,15,40,0.3,1.1463,0.8732
Tandem,with concrete shoulders,160,15,40,0.35,1.2867,0.6872
Tandem,with concrete shoulders,160,15,40,0.4,1.4223,0.5674
Tandem,with concrete shoulders,160,15,80,0.15,0.5731,2.9916
Tandem,with concrete shoulders,160,15,80,0.2,0.7111,1.7477
Tandem,with concrete shoulders,160,15,80,0.25,0.8407,1.1732
Tandem,with concrete shoulders,160,15,80,0.3,0.9639,0.862
Tandem,with concrete shoulders,160,15,80,0.35,1.082,0.6752
Tandem,with concrete shoulders,160,15,80,0.4,1.196,0.5545
Tandem,with concrete shoulders,160,15,150,0.15,0.4898,2.8091
Tandem,with concrete shoulders,160,15,150,0.2,0.6077,1.7536
Tandem,with concrete shoulders,160,15,150,0.25,0.7184,1.2663
Tandem,with concrete shoulders,160,15,150,0.3,0.8237,1.0024
Tandem,with concrete shoulders,160,15,150,0.35,0.9247,0.844
Tandem,with concrete shoulders,160,15,150,0.4,1.0221,0.7418
Tandem,with concrete shoulders,160,15,300,0.15,0.4119,2.6199
Tandem,with concrete shoulders,160,15,300,0.2,0.511,1.7383
Tandem,with concrete shoulders,160,15,300,0.25,0.6041,1.3329
Tandem,with concrete shoulders,160,15,300,0.3,0.6927,1.1147
Tandem,with concrete shoulders,160,15,300,0.35,0.7775,0.9847
Tandem,with concrete shoulders,160,15,300,0.4,0.8594,0.9017
Tandem,with concrete shoulders,160,20,40,0.15,0.6816,3.103
Tandem,with concrete shoulders,160,20,40,0.2,0.8457,1.8603
Tandem,with concrete shoulders,160,20,40,0.25,0.9998,1.2869
Tandem,with concrete shoulders,160,20,40,0.3,1.1463,0.9767
Tandem,with concrete shoulders,160,20,40,0.35,1.2867,0.7907
Tandem,with concrete shoulders,160,20,40,0.4,1.4223,0.6709
Tandem,with concrete shoulders,160,20,80,0.15,0.5731,3.0951
Tandem,with concrete shoulders,160,20,80,0.2,0.7111,1.8512
Tandem,with concrete shoulders,160,20,80,0.25,0.8407,1.2767
Tandem,with concrete shoulders,160,20,80,0.3,0.9639,0.9655
Tandem,with concrete shoulders,160,20,80,0.35,1.082,0.7787
Tandem,with concrete shoulders,160,20,80,0.4,1.196,0.658
Tandem,with concrete shoulders,160,20,150,0.15,0.4898,2.9911
Tandem,with concrete shoulders,160,20,150,0.2,0.6077,1.9356
Tandem,with concrete shoulders,160,20,150,0.25,0.7184,1.4483
Tandem,with concrete shoulders,160,20,150,0.3,0.8237,1.1844
Tandem,with concrete shoulders,160,20,150,0.35,0.9247,1.026
Tandem,with concrete shoulders,160,20,150,0.4,1.0221,0.9238
Tandem,with concrete shoulders,160,20,300,0.15,0.4119,2.8729
Tandem,with concrete shoulders,160,20,300,0.2,0.511,1.9913
Tandem,with concrete shoulders,160,20,300,0.25,0.6041,1.5859
Tandem,with concrete shoulders,160,20,300,0.3,0.6927,1.3677
Tandem,with concrete shoulders,160,20,300,0.35,0.7775,1.2377
Tandem,with concrete shoulders,160,20,300,0.4,0.8594,1.1547
Tandem,with concrete shoulders,200,0,40,0.15,0.6816,3.4015
Tandem,with concrete shoulders,200,0,40,0.2,0.8457,1.8471
Tandem,with concrete shoulders,200,0,40,0.25,0.9998,1.1294
Tandem,with concrete shoulders,200,0,40,0.3,1.1463,0.7408
Tandem,with concrete shoulders,200,0,40,0.35,1.2867,0.5076
Tandem,with concrete shoulders,200,0,40,0.4,1.4223,0.3571
Tandem,with concrete shoulders,200,0,80,0.15,0.5731,3.3936
Tandem,with concrete shoulders,200,0,80,0.2,0.7111,1.8379
Tandem,with concrete shoulders,200,0,80,0.25,0.8407,1.1192
Tandem,with concrete shoulders,200,0,80,0.3,0.9639,0.7296
Tandem,with concrete shoulders,200,0,80,0.35,1.082,0.4955
Tandem,with concrete shoulders,200,0,80,0.4,1.196,0.3442
Tandem,with concrete shoulders,200,0,150,0.15,0.4898,2.8679
Tandem,with concrete shoulders,200,0,150,0.2,0.6077,1.5478
Tandem,with concrete shoulders,200,0,150,0.25,0.7184,0.938
Tandem,with concrete shoulders,200,0,150,0.3,0.8237,0.6076
Tandem,with concrete shoulders,200,0,150,0.35,0.9247,0.4091
Tandem,with concrete shoulders,200,0,150,0.4,1.0221,0.2809
Tandem,with concrete shoulders,200,0,300,0.15,0.4119,2.3683
Tandem,with concrete shoulders,200,0,300,0.2,0.511,1.2647
Tandem,with concrete shoulders,200,0,300,0.25,0.6041,0.7565
Tandem,with concrete shoulders,200,0,300,0.3,0.6927,0.4825
Tandem,with concrete shoulders,200,0,300,0.35,0.7775,0.3189
Tandem,with concrete shoulders,200,0,300,0.4,0.8594,0.214
Tandem,with concrete shoulders,200,10,40,0.15,0.6816,3.6085
Tandem,with concrete shoulders,200,10,40,0.2,0.8457,2.0541
Tandem,with concrete shoulders,200,10,40,0.25,0.9998,1.3364
Tandem,with concrete shoulders,200,10,40,0.3,1.1463,0.9478
Tandem,with concrete shoulders,200,10,40,0.35,1.2867,0.7146
Tandem,with concrete shoulders,200,10,40,0.4,1.4223,0.5641
Tandem,with concrete shoulders,200,10,80,0.15,0.5731,3.6006
Tandem,with concrete shoulders,200,10,80,0.2,0.7111,2.0449
Tandem,with concrete shoulders,200,10,80,0.25,0.8407,1.3262
Tandem,with concrete shoulders,200,10,80,0.3,0.9639,0.9366
Tandem,with concrete shoulders,200,10,80,0.35,1.082,0.7025
Tandem,with concrete shoulders,200,10,80,0.4,1.196,0.5512
Tandem,with concrete shoulders,200,10,150,0.15,0.4898,3.2319
Tandem,with concrete shoulders,200,10,150,0.2,0.6077,1.9118
Tandem,with concrete shoulders,200,10,150,0.25,0.7184,1.302
Tandem,with concrete shoulders,200,10,150,0.3,0.8237,0.9716
Tandem,with concrete shoulders,200,10,150,0.35,0.9247,0.7731
Tandem,with concrete shoulders,200,10,150,0.4,1.0221,0.6449
Tandem,with concrete shoulders,200,10,300,0.15,0.4119,2.8743
Tandem,with concrete shoulders,200,10,300,0.2,0.511,1.7707
Tandem,with concrete shoulders,200,10,300,0.25,0.6041,1.2625
Tandem,with concrete shoulders,200,10,300,0.3,0.6927,0.9885
Tandem,with concrete shoulders,200,10,300,0.35,0.7775,0.8249
Tandem,with concrete shoulders,200,10,300,0.4,0.8594,0.72
Tandem,with concrete shoulders,200,15,40,0.15,0.6816,3.712
Tandem,with concrete shoulders,200,15,40,0.2,0.8457,2.1576
Tandem,with concrete shoulders,200,15,40,0.25,0.9998,1.4399
Tandem,with concrete shoulders,200,15,40,0.3,1.1463,1.0513
Tandem,with concrete shoulders,200,15,40,0.35,1.2867,0.8181
Tandem,with concrete shoulders,200,15,40,0.4,1.4223,0.6676
Tandem,with concrete shoulders,200,15,80,0.15,0.5731,3.7041
Tandem,with concrete shoulders,200,15,80,0.2,0.7111,2.1484
Tandem,with concrete shoulders,200,15,80,0.25,0.8407,1.4297
Tandem,with concrete shoulders,200,15,80,0.3,0.9639,1.0401
Tandem,with concrete shoulders,200,15,80,0.35,1.082,0.806
Tandem,with concrete shoulders,200,15,80,0.4,1.196,0.6547
Tandem,with concrete shoulders,200,15,150,0.15,0.4898,3.4139
Tandem,with concrete shoulders,200,15,150,0.2,0.6077,2.0938
Tandem,with concrete shoulders,200,15,150,0.25,0.7184,1.484
Tandem,with concrete shoulders,200,15,150,0.3,0.8237,1.1536
Tandem,with concrete shoulders,200,15,150,0.35,0.9247,0.9551
Tandem,with concrete shoulders,200,15,150,0.4,1.0221,0.8269
Tandem,with concrete shoulders,200,15,300,0.15,0.4119,3.1273
Tandem,with concrete shoulders,200,15,300,0.2,0.511,2.0237
Tandem,with concrete shoulders,200,15,300,0.25,0.6041,1.5155
Tandem,with concrete shoulders,200,15,300,0.3,0.6927,1.2415
Tandem,with concrete shoulders,200,15,300,0.35,0.7775,1.0779
Tandem,with concrete shoulders,200,15,300,0.4,0.8594,0.973
Tandem,with concrete shoulders,200,20,40,0.15,0.6816,3.8155
Tandem,with concrete shoulders,200,20,40,0.2,0.8457,2.2611
Tandem,with concrete shoulders,200,20,40,0.25,0.9998,1.5434
Tandem,with concrete shoulders,200,20,40,0.3,1.1463,1.1548
Tandem,with concrete shoulders,200,20,40,0.35,1.2867,0.9216
Tandem,with concrete shoulders,200,20,40,0.4,1.4223,0.7711
Tandem,with concrete shoulders,200,20,80,0.15,0.5731,3.8076
Tandem,with concrete shoulders,200,20,80,0.2,0.7111,2.2519
Tandem,with concrete shoulders,200,20,80,0.25,0.8407,1.5332
Tandem,with concrete shoulders,200,20,80,0.3,0.9639,1.1436
Tandem,with concrete shoulders,200,20,80,0.35,1.082,0.9095
Tandem,with concrete shoulders,200,20,80,0.4,1.196,0.7582
Tandem,with concrete shoulders,200,20,150,0.15,0.4898,3.5959
Tandem,with concrete shoulders,200,20,150,0.2,0.6077,2.2758
Tandem,with concrete shoulders,200,20,150,0.25,0.7184,1.666
Tandem,with concrete shoulders,200,20,150,0.3,0.8237,1.3356
Tandem,with concrete shoulders,200,20,150,0.35,0.9247,1.1371
Tandem,with concrete shoulders,200,20,150,0.4,1.0221,1.0089
Tandem,with concrete shoulders,200,20,300,0.15,0.4119,3.3803
Tandem,with concrete shoulders,200,20,300,0.2,0.511,2.2767
Tandem,with concrete shoulders,200,20,300,0.25,0.6041,1.7685
Tandem,with concrete shoulders,200,20,300,0.3,0.6927,1.4945
Tandem,with concrete shoulders,200,20,300,0.35,0.7775,1.3309
Tandem,with concrete shoulders,200,20,300,0.4,0.8594,1.226
Tandem,with concrete shoulders,240,0,40,0.15,0.6816,4.114
Tandem,with concrete shoulders,240,0,40,0.2,0.8457,2.2479
Tandem,with concrete shoulders,240,0,40,0.25,0.9998,1.3859
Tandem,with concrete shoulders,240,0,40,0.3,1.1463,0.919
Tandem,with concrete shoulders,240,0,40,0.35,1.2867,0.6385
Tandem,with concrete shoulders,240,0,40,0.4,1.4223,0.4573
Tandem,with concrete shoulders,240,0,80,0.15,0.5731,4.106
Tandem,with concrete shoulders,240,0,80,0.2,0.7111,2.2387
Tandem,with concrete shoulders,240,0,80,0.25,0.8407,1.3756
Tandem,with concrete shoulders,240,0,80,0.3,0.9639,0.9078
Tandem,with concrete shoulders,240,0,80,0.35,1.082,0.6264
Tandem,with concrete shoulders,240,0,80,0.4,1.196,0.4444
Tandem,with concrete shoulders,240,0,150,0.15,0.4898,3.4726
Tandem,with concrete shoulders,240,0,150,0.2,0.6077,1.888
Tandem,with concrete shoulders,240,0,150,0.25,0.7184,1.1557
Tandem,with concrete shoulders,240,0,150,0.3,0.8237,0.7588
Tandem,with concrete shoulders,240,0,150,0.35,0.9247,0.5202
Tandem,with concrete shoulders,240,0,150,0.4,1.0221,0.3659
Tandem,with concrete shoulders,240,0,300,0.15,0.4119,2.8758
Tandem,with concrete shoulders,240,0,300,0.2,0.511,1.5501
Tandem,with concrete shoulders,240,0,300,0.25,0.6041,0.9392
Tandem,with concrete shoulders,240,0,300,0.3,0.6927,0.6094
Tandem,with concrete shoulders,240,0,300,0.35,0.7775,0.4121
Tandem,with concrete shoulders,240,0,300,0.4,0.8594,0.2854
Tandem,with concrete shoulders,240,10,40,0.15,0.6816,4.321
Tandem,with concrete shoulders,240,10,40,0.2,0.8457,2.4549
Tandem,with concrete shoulders,240,10,40,0.25,0.9998,1.5929
Tandem,with concrete shoulders,240,10,40,0.3,1.1463,1.126
Tandem,with concrete shoulders,240,10,40,0.35,1.2867,0.8455
Tandem,with concrete shoulders,240,10,40,0.4,1.4223,0.6643
Tandem,with concrete shoulders,240,10,80,0.15,0.5731,4.313
Tandem,with concrete shoulders,240,10,80,0.2,0.7111,2.4457
Tandem,with concrete shoulders,240,10,80,0.25,0.8407,1.5826
Tandem,with concrete shoulders,240,10,80,0.3,0.9639,1.1148
Tandem,with concrete shoulders,240,10,80,0.35,1.082,0.8334
Tandem,with concrete shoulders,240,10,80,0.4,1.196,0.6514
Tandem,with concrete shoulders,240,10,150,0.15,0.4898,3.8366
Tandem,with concrete shoulders,240,10,150,0.2,0.6077,2.252
Tandem,with concrete shoulders,240,10,150,0.25,0.7184,1.5197
Tandem,with concrete shoulders,240,10,150,0.3,0.8237,1.1228
Tandem,with concrete shoulders,240,10,150,0.35,0.9247,0.8842
Tandem,with concrete shoulders,240,10,150,0.4,1.0221,0.7299
Tandem,with concrete shoulders,240,10,300,0.15,0.4119,3.3818
Tandem,with concrete shoulders,240,10,300,0.2,0.511,2.0561
Tandem,with concrete shoulders,240,10,300,0.25,0.6041,1.4452
Tandem,with concrete shoulders,240,10,300,0.3,0.6927,1.1154
Tandem,with concrete shoulders,240,10,300,0.35,0.7775,0.9181
Tandem,with concrete shoulders,240,10,300,0.4,0.8594,0.7914
Tandem,with concrete shoulders,240,15,40,0.15,0.6816,4.4245
Tandem,with concrete shoulders,240,15,40,0.2,0.8457,2.5584
Tandem,with concrete shoulders,240,15,40,0.25,0.9998,1.6964
Tandem,with concrete shoulders,240,15,40,0.3,1.1463,1.2295
Tandem,with concrete shoulders,240,15,40,0.35,1.2867,0.949
Tandem,with concrete shoulders,240,15,40,0.4,1.4223,0.7678
Tandem,with concrete shoulders,240,15,80,0.15,0.5731,4.4165
Tandem,with concrete shoulders,240,15,80,0.2,0.7111,2.5492
Tandem,with concrete shoulders,240,15,80,0.25,0.8407,1.6861
Tandem,with concrete shoulders,240,15,80,0.3,0.9639,1.2183
Tandem,with concrete shoulders,240,15,80,0.35,1.082,0.9369
Tandem,with concrete shoulders,240,15,80,0.4,1.196,0.7549
Tandem,with concrete shoulders,240,15,150,0.15,0.4898,4.0186
Tandem,with concrete shoulders,240,15,150,0.2,0.6077,2.434
Tandem,with concrete shoulders,240,15,150,0.25,0.7184,1.7017
Tandem,with concrete shoulders,240,15,150,0.3,0.8237,1.3048
Tandem,with concrete shoulders,240,15,150,0.35,0.9247,1.0662
Tandem,with concrete shoulders,240,15,150,0.4,1.0221,0.9119
Tandem,with concrete shoulders,240,15,300,0.15,0.4119,3.6348
Tandem,with concrete shoulders,240,15,300,0.2,0.511,2.3091
Tandem,with concrete shoulders,240,15,300,0.25,0.6041,1.6982
Tandem,with concrete shoulders,240,15,300,0.3,0.6927,1.3684
Tandem,with concrete shoulders,240,15,300,0.35,0.7775,1.1711
Tandem,with concrete shoulders,240,15,300,0.4,0.8594,1.0444
Tandem,with concrete shoulders,240,20,40,0.15,0.6816,4.528
Tandem,with concrete shoulders,240,20,40,0.2,0.8457,2.6619
Tandem,with concrete shoulders,240,20,40,0.25,0.9998,1.7999
Tandem,with concrete shoulders,240,20,40,0.3,1.1463,1.333
Tandem,with concrete shoulders,240,20,40,0.35,1.2867,1.0525
Tandem,with concrete shoulders,240,20,40,0.4,1.4223,0.8713
Tandem,with concrete shoulders,240,20,80,0.15,0.5731,4.52
Tandem,with concrete shoulders,240,20,80,0.2,0.7111,2.6527
Tandem,with concrete shoulders,240,20,80,0.25,0.8407,1.7896
Tandem,with concrete shoulders,240,20,80,0.3,0.9639,1.3218
Tandem,with concrete shoulders,240,20,80,0.35,1.082,1.0404
Tandem,with concrete shoulders,240,20,80,0.4,1.196,0.8584
Tandem,with concrete shoulders,240,20,150,0.15,0.4898,4.2006
Tandem,with concrete shoulders,240,20,150,0.2,0.6077,2.616
Tandem,with concrete shoulders,240,20,150,0.25,0.7184,1.8837
Tandem,with concrete shoulders,240,20,150,0.3,0.8237,1.4868
Tandem,with concrete shoulders,240,20,150,0.35,0.9247,1.2482
Tandem,with concrete shoulders,240,20,150,0.4,1.0221,1.0939
Tandem,with concrete shoulders,240,20,300,0.15,0.4119,3.8878
Tandem,with concrete shoulders,240,20,300,0.2,0.511,2.5621
Tandem,with concrete shoulders,240,20,300,0.25,0.6041,1.9512
Tandem,with concrete shoulders,240,20,300,0.3,0.6927,1.6214
Tandem,with concrete shoulders,240,20,300,0.35,0.7775,1.4241
Tandem,with concrete shoulders,240,20,300,0.4,0.8594,1.2974
Tandem,with concrete shoulders,300,0,40,0.15,0.6816,5.1827
Tandem,with concrete shoulders,300,0,40,0.2,0.8457,2.849
Tandem,with concrete shoulders,300,0,40,0.25,0.9998,1.7706
Tandem,with concrete shoulders,300,0,40,0.3,1.1463,1.1861
Tandem,with concrete shoulders,300,0,40,0.35,1.2867,0.8348
Tandem,with concrete shoulders,300,0,40,0.4,1.4223,0.6076
Tandem,with concrete shoulders,300,0,80,0.15,0.5731,5.1748
Tandem,with concrete shoulders,300,0,80,0.2,0.7111,2.8399
Tandem,with concrete shoulders,300,0,80,0.25,0.8407,1.7604
Tandem,with concrete shoulders,300,0,80,0.3,0.9639,1.1749
Tandem,with concrete shoulders,300,0,80,0.35,1.082,0.8227
Tandem,with concrete shoulders,300,0,80,0.4,1.196,0.5947
Tandem,with concrete shoulders,300,0,150,0.15,0.4898,4.3798
Tandem,with concrete shoulders,300,0,150,0.2,0.6077,2.3982
Tandem,with concrete shoulders,300,0,150,0.25,0.7184,1.4823
Tandem,with concrete shoulders,300,0,150,0.3,0.8237,0.9856
Tandem,with concrete shoulders,300,0,150,0.35,0.9247,0.6868
Tandem,with concrete shoulders,300,0,150,0.4,1.0221,0.4935
Tandem,with concrete shoulders,300,0,300,0.15,0.4119,3.6369
Tandem,with concrete shoulders,300,0,300,0.2,0.511,1.9783
Tandem,with concrete shoulders,300,0,300,0.25,0.6041,1.2132
Tandem,with concrete shoulders,300,0,300,0.3,0.6927,0.7997
Tandem,with concrete shoulders,300,0,300,0.35,0.7775,0.5519
Tandem,with concrete shoulders,300,0,300,0.4,0.8594,0.3924
Tandem,with concrete shoulders,300,10,40,0.15,0.6816,5.3897
Tandem,with concrete shoulders,300,10,40,0.2,0.8457,3.056
Tandem,with concrete shoulders,300,10,40,0.25,0.9998,1.9776
Tandem,with concrete shoulders,300,10,40,0.3,1.1463,1.3931
Tandem,with concrete shoulders,300,10,40,0.35,1.2867,1.0418
Tandem,with concrete shoulders,300,10,40,0.4,1.4223,0.8146
Tandem,with concrete shoulders,300,10,80,0.15,0.5731,5.3818
Tandem,with concrete shoulders,300,10,80,0.2,0.7111,3.0469
Tandem,with concrete shoulders,300,10,80,0.25,0.8407,1.9674
Tandem,with concrete shoulders,300,10,80,0.3,0.9639,1.3819
Tandem,with concrete shoulders,300,10,80,0.35,1.082,1.0297
Tandem,with concrete shoulders,300,10,80,0.4,1.196,0.8017
Tandem,with concrete shoulders,300,10,150,0.15,0.4898,4.7438
Tandem,with concrete shoulders,300,10,150,0.2,0.6077,2.7622
Tandem,with concrete shoulders,300,10,150,0.25,0.7184,1.8463
Tandem,with concrete shoulders,300,10,150,0.3,0.8237,1.3496
Tandem,with concrete shoulders,300,10,150,0.35,0.9247,1.0508
Tandem,with concrete shoulders,300,10,150,0.4,1.0221,0.8575
Tandem,with concrete shoulders,300,10,300,0.15,0.4119,4.1429
Tandem,with concrete shoulders,300,10,300,0.2,0.511,2.4843
Tandem,with concrete shoulders,300,10,300,0.25,0.6041,1.7192
Tandem,with concrete shoulders,300,10,300,0.3,0.6927,1.3057
Tandem,with concrete shoulders,300,10,300,0.35,0.7775,1.0579
Tandem,with concrete shoulders,300,10,300,0.4,0.8594,0.8984
Tandem,with concrete shoulders,300,15,40,0.15,0.6816,5.4932
Tandem,with concrete shoulders,300,15,40,0.2,0.8457,3.1595
Tandem,with concrete shoulders,300,15,40,0.25,0.9998,2.0811
Tandem,with concrete shoulders,300,15,40,0.3,1.1463,1.4966
Tandem,with concrete shoulders,300,15,40,0.35,1.2867,1.1453
Tandem,with concrete shoulders,300,15,40,0.4,1.4223,0.9181
Tandem,with concrete shoulders,300,15,80,0.15,0.5731,5.4853
Tandem,with concrete shoulders,300,15,80,0.2,0.7111,3.1504
Tandem,with concrete shoulders,300,15,80,0.25,0.8407,2.0709
Tandem,with concrete shoulders,300,15,80,0.3,0.9639,1.4854
Tandem,with concrete shoulders,300,15,80,0.35,1.082,1.1332
Tandem,with concrete shoulders,300,15,80,0.4,1.196,0.9052
Tandem,with concrete shoulders,300,15,150,0.15,0.4898,4.9258
Tandem,with concrete shoulders,300,15,150,0.2,0.6077,2.9442
Tandem,with concrete shoulders,300,15,150,0.25,0.7184,2.0283
Tandem,with concrete shoulders,300,15,150,0.3,0.8237,1.5316
Tandem,with concrete shoulders,300,15,150,0.35,0.9247,1.2328
Tandem,with concrete shoulders,300,15,150,0.4,1.0221,1.0395
Tandem,with concrete shoulders,300,15,300,0.15,0.4119,4.3959
Tandem,with concrete shoulders,300,15,300,0.2,0.511,2.7373
Tandem,with concrete shoulders,300,15,300,0.25,0.6041,1.9722
Tandem,with concrete shoulders,300,15,300,0.3,0.6927,1.5587
Tandem,with concrete shoulders,300,15,300,0.35,0.7775,1.3109
Tandem,with concrete shoulders,300,15,300,0.4,0.8594,1.1514
Tandem,with concrete shoulders,300,20,40,0.15,0.6816,5.5967
Tandem,with concrete shoulders,300,20,40,0.2,0.8457,3.263
Tandem,with concrete shoulders,300,20,40,0.25,0.9998,2.1846
Tandem,with concrete shoulders,300,20,40,0.3,1.1463,1.6001
Tandem,with concrete shoulders,300,20,40,0.35,1.2867,1.2488
Tandem,with concrete shoulders,300,20,40,0.4,1.4223,1.0216
Tandem,with concrete shoulders,300,20,80,0.15,0.5731,5.5888
Tandem,with concrete shoulders,300,20,80,0.2,0.7111,3.2539
Tandem,with concrete shoulders,300,20,80,0.25,0.8407,2.1744
Tandem,with concrete shoulders,300,20,80,0.3,0.9639,1.5889
Tandem,with concrete shoulders,300,20,80,0.35,1.082,1.2367
Tandem,with concrete shoulders,300,20,80,0.4,1.196,1.0087
Tandem,with concrete shoulders,300,20,150,0.15,0.4898,5.1078
Tandem,with concrete shoulders,300,20,150,0.2,0.6077,3.1262
Tandem,with concrete shoulders,300,20,150,0.25,0.7184,2.2103
Tandem,with concrete shoulders,300,20,150,0.3,0.8237,1.7136
Tandem,with concrete shoulders,300,20,150,0.35,0.9247,1.4148
Tandem,with concrete shoulders,300,20,150,0.4,1.0221,1.2215
Tandem,with concrete shoulders,300,20,300,0.15,0.4119,4.6489
Tandem,with concrete shoulders,300,20,300,0.2,0.511,2.9903
Tandem,with concrete shoulders,300,20,300,0.25,0.6041,2.2252
Tandem,with concrete shoulders,300,20,300,0.3,0.6927,1.8117
Tandem,with concrete shoulders,300,20,300,0.35,0.7775,1.5639
Tandem,with concrete shoulders,300,20,300,0.4,0.8594,1.4044
Tandem,with concrete shoulders,320,0,40,0.15,0.6816,5.5389
Tandem,with concrete shoulders,320,0,40,0.2,0.8457,3.0494
Tandem,with concrete shoulders,320,0,40,0.25,0.9998,1.8989
Tandem,with concrete shoulders,320,0,40,0.3,1.1463,1.2752
Tandem,with concrete shoulders,320,0,40,0.35,1.2867,0.9002
Tandem,with concrete shoulders,320,0,40,0.4,1.4223,0.6577
Tandem,with concrete shoulders,320,0,80,0.15,0.5731,5.531
Tandem,with concrete shoulders,320,0,80,0.2,0.7111,3.0403
Tandem,with concrete shoulders,320,0,80,0.25,0.8407,1.8886
Tandem,with concrete shoulders,320,0,80,0.3,0.9639,1.264
Tandem,with concrete shoulders,320,0,80,0.35,1.082,0.8881
Tandem,with concrete shoulders,320,0,80,0.4,1.196,0.6448
Tandem,with concrete shoulders,320,0,150,0.15,0.4898,4.6821
Tandem,with concrete shoulders,320,0,150,0.2,0.6077,2.5683
Tandem,with concrete shoulders,320,0,150,0.25,0.7184,1.5911
Tandem,with concrete shoulders,320,0,150,0.3,0.8237,1.0612
Tandem,with concrete shoulders,320,0,150,0.35,0.9247,0.7423
Tandem,with concrete shoulders,320,0,150,0.4,1.0221,0.536
Tandem,with concrete shoulders,320,0,300,0.15,0.4119,3.8906
Tandem,with concrete shoulders,320,0,300,0.2,0.511,2.121
Tandem,with concrete shoulders,320,0,300,0.25,0.6041,1.3046
Tandem,with concrete shoulders,320,0,300,0.3,0.6927,0.8631
Tandem,with concrete shoulders,320,0,300,0.35,0.7775,0.5985
Tandem,with concrete shoulders,320,0,300,0.4,0.8594,0.4281
Tandem,with concrete shoulders,320,10,40,0.15,0.6816,5.7459
Tandem,with concrete shoulders,320,10,40,0.2,0.8457,3.2564
Tandem,with concrete shoulders,320,10,40,0.25,0.9998,2.1059
Tandem,with concrete shoulders,320,10,40,0.3,1.1463,1.4822
Tandem,with concrete shoulders,320,10,40,0.35,1.2867,1.1072
Tandem,with concrete shoulders,320,10,40,0.4,1.4223,0.8647
Tandem,with concrete shoulders,320,10,80,0.15,0.5731,5.738
Tandem,with concrete shoulders,320,10,80,0.2,0.7111,3.2473
Tandem,with concrete shoulders,320,10,80,0.25,0.8407,2.0956
Tandem,with concrete shoulders,320,10,80,0.3,0.9639,1.471
Tandem,with concrete shoulders,320,10,80,0.35,1.082,1.0951
Tandem,with concrete shoulders,320,10,80,0.4,1.196,0.8518
Tandem,with concrete shoulders,320,10,150,0.15,0.4898,5.0461
Tandem,with concrete shoulders,320,10,150,0.2,0.6077,2.9323
Tandem,with concrete shoulders,320,10,150,0.25,0.7184,1.9551
Tandem,with concrete shoulders,320,10,150,0.3,0.8237,1.4252
Tandem,with concrete shoulders,320,10,150,0.35,0.9247,1.1063
Tandem,with concrete shoulders,320,10,150,0.4,1.0221,0.9
Tandem,with concrete shoulders,320,10,300,0.15,0.4119,4.3966
Tandem,with concrete shoulders,320,10,300,0.2,0.511,2.627
Tandem,with concrete shoulders,320,10,300,0.25,0.6041,1.8106
Tandem,with concrete shoulders,320,10,300,0.3,0.6927,1.3691
Tandem,with concrete shoulders,320,10,300,0.35,0.7775,1.1045
Tandem,with concrete shoulders,320,10,300,0.4,0.8594,0.9341
Tandem,with concrete shoulders,320,15,40,0.15,0.6816,5.8494
Tandem,with concrete shoulders,320,15,40,0.2,0.8457,3.3599
Tandem,with concrete shoulders,320,15,40,0.25,0.9998,2.2094
Tandem,with concrete shoulders,320,15,40,0.3,1.1463,1.5857
Tandem,with concrete shoulders,320,15,40,0.35,1.2867,1.2107
Tandem,with concrete shoulders,320,15,40,0.4,1.4223,0.9682
Tandem,with concrete shoulders,320,15,80,0.15,0.5731,5.8415
Tandem,with concrete shoulders,320,15,80,0.2,0.7111,3.3508
Tandem,with concrete shoulders,320,15,80,0.25,0.8407,2.1991
Tandem,with concrete shoulders,320,15,80,0.3,0.9639,1.5745
Tandem,with concrete shoulders,320,15,80,0.35,1.082,1.1986
Tandem,with concrete shoulders,320,15,80,0.4,1.196,0.9553
Tandem,with concrete shoulders,320,15,150,0.15,0.4898,5.2281
Tandem,with concrete shoulders,320,15,150,0.2,0.6077,3.1143
Tandem,with concrete shoulders,320,15,150,0.25,0.7184,2.1371
Tandem,with concrete shoulders,320,15,150,0.3,0.8237,1.6072
Tandem,with concrete shoulders,320,15,150,0.35,0.9247,1.2883
Tandem,with concrete shoulders,320,15,150,0.4,1.0221,1.082
Tandem,with concrete shoulders,320,15,300,0.15,0.4119,4.6496
Tandem,with concrete shoulders,320,15,300,0.2,0.511,2.88
Tandem,with concrete shoulders,320,15,300,0.25,0.6041,2.0636
Tandem,with concrete shoulders,320,15,300,0.3,0.6927,1.6221
Tandem,with concrete shoulders,320,15,300,0.35,0.7775,1.3575
Tandem,with concrete shoulders,320,15,300,0.4,0.8594,1.1871
Tandem,with concrete shoulders,320,20,40,0.15,0.6816,5.9529
Tandem,with concrete shoulders,320,20,40,0.2,0.8457,3.4634
Tandem,with concrete shoulders,320,20,40,0.25,0.9998,2.3129
Tandem,with concrete shoulders,320,20,40,0.3,1.1463,1.6892
Tandem,with concrete shoulders,320,20,40,0.35,1.2867,1.3142
Tandem,with concrete shoulders,320,20,40,0.4,1.4223,1.0717
Tandem,with concrete shoulders,320,20,80,0.15,0.5731,5.945
Tandem,with concrete shoulders,320,20,80,0.2,0.7111,3.4543
Tandem,with concrete shoulders,320,20,80,0.25,0.8407,2.3026
Tandem,with concrete shoulders,320,20,80,0.3,0.9639,1.678
Tandem,with concrete shoulders,320,20,80,0.35,1.082,1.3021
Tandem,with concrete shoulders,320,20,80,0.4,1.196,1.0588
Tandem,with concrete shoulders,320,20,150,0.15,0.4898,5.4101
Tandem,with concrete shoulders,320,20,150,0.2,0.6077,3.2963
Tandem,with concrete shoulders,320,20,150,0.25,0.7184,2.3191
Tandem,with concrete shoulders,320,20,150,0.3,0.8237,1.7892
Tandem,with concrete shoulders,320,20,150,0.35,0.9247,1.4703
Tandem,with concrete shoulders,320,20,150,0.4,1.0221,1.264
Tandem,with concrete shoulders,320,20,300,0.15,0.4119,4.9026
Tandem,with concrete shoulders,320,20,300,0.2,0.511,3.133
Tandem,with concrete shoulders,320,20,300,0.25,0.6041,2.3166
Tandem,with concrete shoulders,320,20,300,0.3,0.6927,1.8751
Tandem,with concrete shoulders,320,20,300,0.35,0.7775,1.6105
Tandem,with concrete shoulders,320,20,300,0.4,0.8594,1.4401
Tandem,without concrete shoulders,160,0,40,0.15,0.6816,3.5682
Tandem,without concrete shoulders,160,0,40,0.2,0.8457,1.9566
Tandem,without concrete shoulders,160,0,40,0.25,0.9998,1.2157
Tandem,without concrete shoulders,160,0,40,0.3,1.1463,0.8172
Tandem,without concrete shoulders,160,0,40,0.35,1.2867,0.58
Tandem,without concrete shoulders,160,0,40,0.4,1.4223,0.4285
Tandem,without concrete shoulders,160,0,80,0.15,0.5731,3.545
Tandem,without concrete shoulders,160,0,80,0.2,0.7111,1.9297
Tandem,without concrete shoulders,160,0,80,0.25,0.8407,1.1857
Tandem,without concrete shoulders,160,0,80,0.3,0.9639,0.7843
Tandem,without concrete shoulders,160,0,80,0.35,1.082,0.5445
Tandem,without concrete shoulders,160,0,80,0.4,1.196,0.3906
Tandem,without concrete shoulders,160,0,150,0.15,0.4898,2.9804
Tandem,without concrete shoulders,160,0,150,0.2,0.6077,1.6071
Tandem,without concrete shoulders,160,0,150,0.25,0.7184,0.9771
Tandem,without concrete shoulders,160,0,150,0.3,0.8237,0.6391
Tandem,without concrete shoulders,160,0,150,0.35,0.9247,0.4387
Tandem,without concrete shoulders,160,0,150,0.4,1.0221,0.3114
Tandem,without concrete shoulders,160,0,300,0.15,0.4119,2.4629
Tandem,without concrete shoulders,160,0,300,0.2,0.511,1.3162
Tandem,without concrete shoulders,160,0,300,0.25,0.6041,0.7923
Tandem,without concrete shoulders,160,0,300,0.3,0.6927,0.5128
Tandem,without concrete shoulders,160,0,300,0.35,0.7775,0.3484
Tandem,without concrete shoulders,160,0,300,0.4,0.8594,0.245
Tandem,without concrete shoulders,160,10,40,0.15,0.6816,3.7972
Tandem,without concrete shoulders,160,10,40,0.2,0.8457,2.1856
Tandem,without concrete shoulders,160,10,40,0.25,0.9998,1.4447
Tandem,without concrete shoulders,160,10,40,0.3,1.1463,1.0462
Tandem,without concrete shoulders,160,10,40,0.35,1.2867,0.809
Tandem,without concrete shoulders,160,10,40,0.4,1.4223,0.6575
Tandem,without concrete shoulders,160,10,80,0.15,0.5731,3.774
Tandem,without concrete shoulders,160,10,80,0.2,0.7111,2.1587
Tandem,without concrete shoulders,160,10,80,0.25,0.8407,1.4147
Tandem,without concrete shoulders,160,10,80,0.3,0.9639,1.0133
Tandem,without concrete shoulders,160,10,80,0.35,1.082,0.7735
Tandem,without concrete shoulders,160,10,80,0.4,1.196,0.6196
Tandem,without concrete shoulders,160,10,150,0.15,0.4898,3.3844
Tandem,without concrete shoulders,160,10,150,0.2,0.6077,2.0111
Tandem,without concrete shoulders,160,10,150,0.25,0.7184,1.3811
Tandem,without concrete shoulders,160,10,150,0.3,0.8237,1.0431
Tandem,without concrete shoulders,160,10,150,0.35,0.9247,0.8427
Tandem,without concrete shoulders,160,10,150,0.4,1.0221,0.7154
Tandem,without concrete shoulders,160,10,300,0.15,0.4119,3.0059
Tandem,without concrete shoulders,160,10,300,0.2,0.511,1.8592
Tandem,without concrete shoulders,160,10,300,0.25,0.6041,1.3353
Tandem,without concrete shoulders,160,10,300,0.3,0.6927,1.0558
Tandem,without concrete shoulders,160,10,300,0.35,0.7775,0.8914
Tandem,without concrete shoulders,160,10,300,0.4,0.8594,0.788
Tandem,without concrete shoulders,160,15,40,0.15,0.6816,3.9117
Tandem,without concrete shoulders,160,15,40,0.2,0.8457,2.3001
Tandem,without concrete shoulders,160,15,40,0.25,0.9998,1.5592
Tandem,without concrete shoulders,160,15,40,0.3,1.1463,1.1607
Tandem,without concrete shoulders,160,15,40,0.35,1.2867,0.9235
Tandem,without concrete shoulders,160,15,40,0.4,1.4223,0.772
Tandem,without concrete shoulders,160,15,80,0.15,0.5731,3.8885
Tandem,without concrete shoulders,160,15,80,0.2,0.7111,2.2732
Tandem,without concrete shoulders,160,15,80,0.25,0.8407,1.5292
Tandem,without concrete shoulders,160,15,80,0.3,0.9639,1.1278
Tandem,without concrete shoulders,160,15,80,0.35,1.082,0.888
Tandem,without concrete shoulders,160,15,80,0.4,1.196,0.7341
Tandem,without concrete shoulders,160,15,150,0.15,0.4898,3.5864
Tandem,without concrete shoulders,160,15,150,0.2,0.6077,2.2131
Tandem,without concrete shoulders,160,15,150,0.25,0.7184,1.5831
Tandem,without concrete shoulders,160,15,150,0.3,0.8237,1.2451
Tandem,without concrete shoulders,160,15,150,0.35,0.9247,1.0447
Tandem,without concrete shoulders,160,15,150,0.4,1.0221,0.9174
Tandem,without concrete shoulders,160,15,300,0.15,0.4119,3.2774
Tandem,without concrete shoulders,160,15,300,0.2,0.511,2.1307
Tandem,without concrete shoulders,160,15,300,0.25,0.6041,1.6068
Tandem,without concrete shoulders,160,15,300,0.3,0.6927,1.3273
Tandem,without concrete shoulders,160,15,300,0.35,0.7775,1.1629
Tandem,without concrete shoulders,160,15,300,0.4,0.8594,1.0595
Tandem,without concrete shoulders,160,20,40,0.15,0.6816,4.0262
Tandem,without concrete shoulders,160,20,40,0.2,0.8457,2.4146
Tandem,without concrete shoulders,160,20,40,0.25,0.9998,1.6737
Tandem,without concrete shoulders,160,20,40,0.3,1.1463,1.2752
Tandem,without concrete shoulders,160,20,40,0.35,1.2867,1.038
Tandem,without concrete shoulders,160,20,40,0.4,1.4223,0.8865
Tandem,without concrete shoulders,160,20,80,0.15,0.5731,4.003
Tandem,without concrete shoulders,160,20,80,0.2,0.7111,2.3877
Tandem,without concrete shoulders,160,20,80,0.25,0.8407,1.6437
Tandem,without concrete shoulders,160,20,80,0.3,0.9639,1.2423
Tandem,without concrete shoulders,160,20,80,0.35,1.082,1.0025
Tandem,without concrete shoulders,160,20,80,0.4,1.196,0.8486
Tandem,without concrete shoulders,160,20,150,0.15,0.4898,3.7884
Tandem,without concrete shoulders,160,20,150,0.2,0.6077,2.4151
Tandem,without concrete shoulders,160,20,150,0.25,0.7184,1.7851
Tandem,without concrete shoulders,160,20,150,0.3,0.8237,1.4471
Tandem,without concrete shoulders,160,20,150,0.35,0.9247,1.2467
Tandem,without concrete shoulders,160,20,150,0.4,1.0221,1.1194
Tandem,without concrete shoulders,160,20,300,0.15,0.4119,3.5489
Tandem,without concrete shoulders,160,20,300,0.2,0.511,2.4022
Tandem,without concrete shoulders,160,20,300,0.25,0.6041,1.8783
Tandem,without concrete shoulders,160,20,300,0.3,0.6927,1.5988
Tandem,without concrete shoulders,160,20,300,0.35,0.7775,1.4344
Tandem,without concrete shoulders,160,20,300,0.4,0.8594,1.331
Tandem,without concrete shoulders,200,0,40,0.15,0.6816,4.4962
Tandem,without concrete shoulders,200,0,40,0.2,0.8457,2.4785
Tandem,without concrete shoulders,200,0,40,0.25,0.9998,1.5498
Tandem,without concrete shoulders,200,0,40,0.3,1.1463,1.0492
Tandem,without concrete shoulders,200,0,40,0.35,1.2867,0.7504
Tandem,without concrete shoulders,200,0,40,0.4,1.4223,0.559
Tandem,without concrete shoulders,200,0,80,0.15,0.5731,4.473
Tandem,without concrete shoulders,200,0,80,0.2,0.7111,2.4517
Tandem,without concrete shoulders,200,0,80,0.25,0.8407,1.5198
Tandem,without concrete shoulders,200,0,80,0.3,0.9639,1.0163
Tandem,without concrete shoulders,200,0,80,0.35,1.082,0.7149
Tandem,without concrete shoulders,200,0,80,0.4,1.196,0.5211
Tandem,without concrete shoulders,200,0,150,0.15,0.4898,3.7729
Tandem,without concrete shoulders,200,0,150,0.2,0.6077,2.0529
Tandem,without concrete shoulders,200,0,150,0.25,0.7184,1.2624
Tandem,without concrete shoulders,200,0,150,0.3,0.8237,0.8372
Tandem,without concrete shoulders,200,0,150,0.35,0.9247,0.5842
Tandem,without concrete shoulders,200,0,150,0.4,1.0221,0.4228
Tandem,without concrete shoulders,200,0,300,0.15,0.4119,3.1275
Tandem,without concrete shoulders,200,0,300,0.2,0.511,1.69
Tandem,without concrete shoulders,200,0,300,0.25,0.6041,1.0315
Tandem,without concrete shoulders,200,0,300,0.3,0.6927,0.6789
Tandem,without concrete shoulders,200,0,300,0.35,0.7775,0.4704
Tandem,without concrete shoulders,200,0,300,0.4,0.8594,0.3385
Tandem,without concrete shoulders,200,10,40,0.15,0.6816,4.7252
Tandem,without concrete shoulders,200,10,40,0.2,0.8457,2.7075
Tandem,without concrete shoulders,200,10,40,0.25,0.9998,1.7788
Tandem,without concrete shoulders,200,10,40,0.3,1.1463,1.2782
Tandem,without concrete shoulders,200,10,40,0.35,1.2867,0.9794
Tandem,without concrete shoulders,200,10,40,0.4,1.4223,0.788
Tandem,without concrete shoulders,200,10,80,0.15,0.5731,4.702
Tandem,without concrete shoulders,200,10,80,0.2,0.7111,2.6807
Tandem,without concrete shoulders,200,10,80,0.25,0.8407,1.7488
Tandem,without concrete shoulders,200,10,80,0.3,0.9639,1.2453
Tandem,without concrete shoulders,200,10,80,0.35,1.082,0.9439
Tandem,without concrete shoulders,200,10,80,0.4,1.196,0.7501
Tandem,without concrete shoulders,200,10,150,0.15,0.4898,4.1769
Tandem,without concrete shoulders,200,10,150,0.2,0.6077,2.4569
Tandem,without concrete shoulders,200,10,150,0.25,0.7184,1.6664
Tandem,without concrete shoulders,200,10,150,0.3,0.8237,1.2412
Tandem,without concrete shoulders,200,10,150,0.35,0.9247,0.9882
Tandem,without concrete shoulders,200,10,150,0.4,1.0221,0.8268
Tandem,without concrete shoulders,200,10,300,0.15,0.4119,3.6705
Tandem,without concrete shoulders,200,10,300,0.2,0.511,2.233
Tandem,without concrete shoulders,200,10,300,0.25,0.6041,1.5745
Tandem,without concrete shoulders,200,10,300,0.3,0.6927,1.2219
Tandem,without concrete shoulders,200,10,300,0.35,0.7775,1.0134
Tandem,without concrete shoulders,200,10,300,0.4,0.8594,0.8815
Tandem,without concrete shoulders,200,15,40,0.15,0.6816,4.8397
Tandem,without concrete shoulders,200,15,40,0.2,0.8457,2.822
Tandem,without concrete shoulders,200,15,40,0.25,0.9998,1.8933
Tandem,without concrete shoulders,200,15,40,0.3,1.1463,1.3927
Tandem,without concrete shoulders,200,15,40,0.35,1.2867,1.0939
Tandem,without concrete shoulders,200,15,40,0.4,1.4223,0.9025
Tandem,without concrete shoulders,200,15,80,0.15,0.5731,4.8165
Tandem,without concrete shoulders,200,15,80,0.2,0.7111,2.7952
Tandem,without concrete shoulders,200,15,80,0.25,0.8407,1.8633
Tandem,without concrete shoulders,200,15,80,0.3,0.9639,1.3598
Tandem,without concrete shoulders,200,15,80,0.35,1.082,1.0584
Tandem,without concrete shoulders,200,15,80,0.4,1.196,0.8646
Tandem,without concrete shoulders,200,15,150,0.15,0.4898,4.3789
Tandem,without concrete shoulders,200,15,150,0.2,0.6077,2.6589
Tandem,without concrete shoulders,200,15,150,0.25,0.7184,1.8684
Tandem,without concrete shoulders,200,15,150,0.3,0.8237,1.4432
Tandem,without concrete shoulders,200,15,150,0.35,0.9247,1.1902
Tandem,without concrete shoulders,200,15,150,0.4,1.0221,1.0288
Tandem,without concrete shoulders,200,15,300,0.15,0.4119,3.942
Tandem,without concrete shoulders,200,15,300,0.2,0.511,2.5045
Tandem,without concrete shoulders,200,15,300,0.25,0.6041,1.846
Tandem,without concrete shoulders,200,15,300,0.3,0.6927,1.4934
Tandem,without concrete shoulders,200,15,300,0.35,0.7775,1.2849
Tandem,without concrete shoulders,200,15,300,0.4,0.8594,1.153
Tandem,without concrete shoulders,200,20,40,0.15,0.6816,4.9542
Tandem,without concrete shoulders,200,20,40,0.2,0.8457,2.9365
Tandem,without concrete shoulders,200,20,40,0.25,0.9998,2.0078
Tandem,without concrete shoulders,200,20,40,0.3,1.1463,1.5072
Tandem,without concrete shoulders,200,20,40,0.35,1.2867,1.2084
Tandem,without concrete shoulders,200,20,40,0.4,1.4223,1.017
Tandem,without concrete shoulders,200,20,80,0.15,0.5731,4.931
Tandem,without concrete shoulders,200,20,80,0.2,0.7111,2.9097
Tandem,without concrete shoulders,200,20,80,0.25,0.8407,1.9778
Tandem,without concrete shoulders,200,20,80,0.3,0.9639,1.4743
Tandem,without concrete shoulders,200,20,80,0.35,1.082,1.1729
Tandem,without concrete shoulders,200,20,80,0.4,1.196,0.9791
Tandem,without concrete shoulders,200,20,150,0.15,0.4898,4.5809
Tandem,without concrete shoulders,200,20,150,0.2,0.6077,2.8609
Tandem,without concrete shoulders,200,20,150,0.25,0.7184,2.0704
Tandem,without concrete shoulders,200,20,150,0.3,0.8237,1.6452
Tandem,without concrete shoulders,200,20,150,0.35,0.9247,1.3922
Tandem,without concrete shoulders,200,20,150,0.4,1.0221,1.2308
Tandem,without concrete shoulders,200,20,300,0.15,0.4119,4.2135
Tandem,without concrete shoulders,200,20,300,0.2,0.511,2.776
Tandem,without concrete shoulders,200,20,300,0.25,0.6041,2.1175
Tandem,without concrete shoulders,200,20,300,0.3,0.6927,1.7649
Tandem,without concrete shoulders,200,20,300,0.35,0.7775,1.5564
Tandem,without concrete shoulders,200,20,300,0.4,0.8594,1.4245
Tandem,without concrete shoulders,240,0,40,0.15,0.6816,5.4242
Tandem,without concrete shoulders,240,0,40,0.2,0.8457,3.0005
Tandem,without concrete shoulders,240,0,40,0.25,0.9998,1.8838
Tandem,without concrete shoulders,240,0,40,0.3,1.1463,1.2812
Tandem,without concrete shoulders,240,0,40,0.35,1.2867,0.9209
Tandem,without concrete shoulders,240,0,40,0.4,1.4223,0.6895
Tandem,without concrete shoulders,240,0,80,0.15,0.5731,5.4009
Tandem,without concrete shoulders,240,0,80,0.2,0.7111,2.9737
Tandem,without concrete shoulders,240,0,80,0.25,0.8407,1.8538
Tandem,without concrete shoulders,240,0,80,0.3,0.9639,1.2483
Tandem,without concrete shoulders,240,0,80,0.35,1.082,0.8854
Tandem,without concrete shoulders,240,0,80,0.4,1.196,0.6516
Tandem,without concrete shoulders,240,0,150,0.15,0.4898,4.5653
Tandem,without concrete shoulders,240,0,150,0.2,0.6077,2.4986
Tandem,without concrete shoulders,240,0,150,0.25,0.7184,1.5476
Tandem,without concrete shoulders,240,0,150,0.3,0.8237,1.0353
Tandem,without concrete shoulders,240,0,150,0.35,0.9247,0.7298
Tandem,without concrete shoulders,240,0,150,0.4,1.0221,0.5343
Tandem,without concrete shoulders,240,0,300,0.15,0.4119,3.792
Tandem,without concrete shoulders,240,0,300,0.2,0.511,2.0638
Tandem,without concrete shoulders,240,0,300,0.25,0.6041,1.2707
Tandem,without concrete shoulders,240,0,300,0.3,0.6927,0.8451
Tandem,without concrete shoulders,240,0,300,0.35,0.7775,0.5925
Tandem,without concrete shoulders,240,0,300,0.4,0.8594,0.4319
Tandem,without concrete shoulders,240,10,40,0.15,0.6816,5.6532
Tandem,without concrete shoulders,240,10,40,0.2,0.8457,3.2295
Tandem,without concrete shoulders,240,10,40,0.25,0.9998,2.1128
Tandem,without concrete shoulders,240,10,40,0.3,1.1463,1.5102
Tandem,without concrete shoulders,240,10,40,0.35,1.2867,1.1499
Tandem,without concrete shoulders,240,10,40,0.4,1.4223,0.9185
Tandem,without concrete shoulders,240,10,80,0.15,0.5731,5.6299
Tandem,without concrete shoulders,240,10,80,0.2,0.7111,3.2027
Tandem,without concrete shoulders,240,10,80,0.25,0.8407,2.0828
Tandem,without concrete shoulders,240,10,80,0.3,0.9639,1.4773
Tandem,without concrete shoulders,240,10,80,0.35,1.082,1.1144
Tandem,without concrete shoulders,240,10,80,0.4,1.196,0.8806
Tandem,without concrete shoulders,240,10,150,0.15,0.4898,4.9693
Tandem,without concrete shoulders,240,10,150,0.2,0.6077,2.9026
Tandem,without concrete shoulders,240,10,150,0.25,0.7184,1.9516
Tandem,without concrete shoulders,240,10,150,0.3,0.8237,1.4393
Tandem,without concrete shoulders,240,10,150,0.35,0.9247,1.1338
Tandem,without concrete shoulders,240,10,150,0.4,1.0221,0.9383
Tandem,without concrete shoulders,240,10,300,0.15,0.4119,4.335
Tandem,without concrete shoulders,240,10,300,0.2,0.511,2.6068
Tandem,without concrete shoulders,240,10,300,0.25,0.6041,1.8137
Tandem,without concrete shoulders,240,10,300,0.3,0.6927,1.3881
Tandem,without concrete shoulders,240,10,300,0.35,0.7775,1.1355
Tandem,without concrete shoulders,240,10,300,0.4,0.8594,0.9749
Tandem,without concrete shoulders,240,15,40,0.15,0.6816,5.7677
Tandem,without concrete shoulders,240,15,40,0.2,0.8457,3.344
Tandem,without concrete shoulders,240,15,40,0.25,0.9998,2.2273
Tandem,without concrete shoulders,240,15,40,0.3,1.1463,1.6247
Tandem,without concrete shoulders,240,15,40,0.35,1.2867,1.2644
Tandem,without concrete shoulders,240,15,40,0.4,1.4223,1.033
Tandem,without concrete shoulders,240,15,80,0.15,0.5731,5.7444
Tandem,without concrete shoulders,240,15,80,0.2,0.7111,3.3172
Tandem,without concrete shoulders,240,15,80,0.25,0.8407,2.1973
Tandem,without concrete shoulders,240,15,80,0.3,0.9639,1.5918
Tandem,without concrete shoulders,240,15,80,0.35,1.082,1.2289
Tandem,without concrete shoulders,240,15,80,0.4,1.196,0.9951
Tandem,without concrete shoulders,240,15,150,0.15,0.4898,5.1713
Tandem,without concrete shoulders,240,15,150,0.2,0.6077,3.1046
Tandem,without concrete shoulders,240,15,150,0.25,0.7184,2.1536
Tandem,without concrete shoulders,240,15,150,0.3,0.8237,1.6413
Tandem,without concrete shoulders,240,15,150,0.35,0.9247,1.3358
Tandem,without concrete shoulders,240,15,150,0.4,1.0221,1.1403
Tandem,without concrete shoulders,240,15,300,0.15,0.4119,4.6065
Tandem,without concrete shoulders,240,15,300,0.2,0.511,2.8783
Tandem,without concrete shoulders,240,15,300,0.25,0.6041,2.0852
Tandem,without concrete shoulders,240,15,300,0.3,0.6927,1.6596
Tandem,without concrete shoulders,240,15,300,0.35,0.7775,1.407
Tandem,without concrete shoulders,240,15,300,0.4,0.8594,1.2464
Tandem,without concrete shoulders,240,20,40,0.15,0.6816,5.8822
Tandem,without concrete shoulders,240,20,40,0.2,0.8457,3.4585
Tandem,without concrete shoulders,240,20,40,0.25,0.9998,2.3418
Tandem,without concrete shoulders,240,20,40,0.3,1.1463,1.7392
Tandem,without concrete shoulders,240,20,40,0.35,1.2867,1.3789
Tandem,without concrete shoulders,240,20,40,0.4,1.4223,1.1475
Tandem,without concrete shoulders,240,20,80,0.15,0.5731,5.8589
Tandem,without concrete shoulders,240,20,80,0.2,0.7111,3.4317
Tandem,without concrete shoulders,240,20,80,0.25,0.8407,2.3118
Tandem,without concrete shoulders,240,20,80,0.3,0.9639,1.7063
Tandem,without concrete shoulders,240,20,80,0.35,1.082,1.3434
Tandem,without concrete shoulders,240,20,80,0.4,1.196,1.1096
Tandem,without concrete shoulders,240,20,150,0.15,0.4898,5.3733
Tandem,without concrete shoulders,240,20,150,0.2,0.6077,3.3066
Tandem,without concrete shoulders,240,20,150,0.25,0.7184,2.3556
Tandem,without concrete shoulders,240,20,150,0.3,0.8237,1.8433
Tandem,without concrete shoulders,240,20,150,0.35,0.9247,1.5378
Tandem,without concrete shoulders,240,20,150,0.4,1.0221,1.3423
Tandem,without concrete shoulders,240,20,300,0.15,0.4119,4.878
Tandem,without concrete shoulders,240,20,300,0.2,0.511,3.1498
Tandem,without concrete shoulders,240,20,300,0.25,0.6041,2.3567
Tandem,without concrete shoulders,240,20,300,0.3,0.6927,1.9311
Tandem,without concrete shoulders,240,20,300,0.35,0.7775,1.6785
Tandem,without concrete shoulders,240,20,300,0.4,0.8594,1.5179
Tandem,without concrete shoulders,300,0,40,0.15,0.6816,6.8161
Tandem,without concrete shoulders,300,0,40,0.2,0.8457,3.7835
Tandem,without concrete shoulders,300,0,40,0.25,0.9998,2.385
Tandem,without concrete shoulders,300,0,40,0.3,1.1463,1.6292
Tandem,without concrete shoulders,300,0,40,0.35,1.2867,1.1765
Tandem,without concrete shoulders,300,0,40,0.4,1.4223,0.8853
Tandem,without concrete shoulders,300,0,80,0.15,0.5731,6.7929
Tandem,without concrete shoulders,300,0,80,0.2,0.7111,3.7567
Tandem,without concrete shoulders,300,0,80,0.25,0.8407,2.355
Tandem,without concrete shoulders,300,0,80,0.3,0.9639,1.5963
Tandem,without concrete shoulders,300,0,80,0.35,1.082,1.141
Tandem,without concrete shoulders,300,0,80,0.4,1.196,0.8473
Tandem,without concrete shoulders,300,0,150,0.15,0.4898,5.7539
Tandem,without concrete shoulders,300,0,150,0.2,0.6077,3.1672
Tandem,without concrete shoulders,300,0,150,0.25,0.7184,1.9755
Tandem,without concrete shoulders,300,0,150,0.3,0.8237,1.3325
Tandem,without concrete shoulders,300,0,150,0.35,0.9247,0.9481
Tandem,without concrete shoulders,300,0,150,0.4,1.0221,0.7014
Tandem,without concrete shoulders,300,0,300,0.15,0.4119,4.7888
Tandem,without concrete shoulders,300,0,300,0.2,0.511,2.6245
Tandem,without concrete shoulders,300,0,300,0.25,0.6041,1.6296
Tandem,without concrete shoulders,300,0,300,0.3,0.6927,1.0943
Tandem,without concrete shoulders,300,0,300,0.35,0.7775,0.7756
Tandem,without concrete shoulders,300,0,300,0.4,0.8594,0.5721
Tandem,without concrete shoulders,300,10,40,0.15,0.6816,7.0451
Tandem,without concrete shoulders,300,10,40,0.2,0.8457,4.0125
Tandem,without concrete shoulders,300,10,40,0.25,0.9998,2.614
Tandem,without concrete shoulders,300,10,40,0.3,1.1463,1.8582
Tandem,without concrete shoulders,300,10,40,0.35,1.2867,1.4055
Tandem,without concrete shoulders,300,10,40,0.4,1.4223,1.1143
Tandem,without concrete shoulders,300,10,80,0.15,0.5731,7.0219
Tandem,without concrete shoulders,300,10,80,0.2,0.7111,3.9857
Tandem,without concrete shoulders,300,10,80,0.25,0.8407,2.584
Tandem,without concrete shoulders,300,10,80,0.3,0.9639,1.8253
Tandem,without concrete shoulders,300,10,80,0.35,1.082,1.37
Tandem,without concrete shoulders,300,10,80,0.4,1.196,1.0763
Tandem,without concrete shoulders,300,10,150,0.15,0.4898,6.1579
Tandem,without concrete shoulders,300,10,150,0.2,0.6077,3.5712
Tandem,without concrete shoulders,300,10,150,0.25,0.7184,2.3795
Tandem,without concrete shoulders,300,10,150,0.3,0.8237,1.7365
Tandem,without concrete shoulders,300,10,150,0.35,0.9247,1.3521
Tandem,without concrete shoulders,300,10,150,0.4,1.0221,1.1054
Tandem,without concrete shoulders,300,10,300,0.15,0.4119,5.3318
Tandem,without concrete shoulders,300,10,300,0.2,0.511,3.1675
Tandem,without concrete shoulders,300,10,300,0.25,0.6041,2.1726
Tandem,without concrete shoulders,300,10,300,0.3,0.6927,1.6373
Tandem,without concrete shoulders,300,10,300,0.35,0.7775,1.3186
Tandem,without concrete shoulders,300,10,300,0.4,0.8594,1.1151
Tandem,without concrete shoulders,300,15,40,0.15,0.6816,7.1596
Tandem,without concrete shoulders,300,15,40,0.2,0.8457,4.127
Tandem,without concrete shoulders,300,15,40,0.25,0.9998,2.7285
Tandem,without concrete shoulders,300,15,40,0.3,1.1463,1.9727
Tandem,without concrete shoulders,300,15,40,0.35,1.2867,1.52
Tandem,without concrete shoulders,300,15,40,0.4,1.4223,1.2288
Tandem,without concrete shoulders,300,15,80,0.15,0.5731,7.1364
Tandem,without concrete shoulders,300,15,80,0.2,0.7111,4.1002
Tandem,without concrete shoulders,300,15,80,0.25,0.8407,2.6985
Tandem,without concrete shoulders,300,15,80,0.3,0.9639,1.9398
Tandem,without concrete shoulders,300,15,80,0.35,1.082,1.4845
Tandem,without concrete shoulders,300,15,80,0.4,1.196,1.1908
Tandem,without concrete shoulders,300,15,150,0.15,0.4898,6.3599
Tandem,without concrete shoulders,300,15,150,0.2,0.6077,3.7732
Tandem,without concrete shoulders,300,15,150,0.25,0.7184,2.5815
Tandem,without concrete shoulders,300,15,150,0.3,0.8237,1.9385
Tandem,without concrete shoulders,300,15,150,0.35,0.9247,1.5541
Tandem,without concrete shoulders,300,15,150,0.4,1.0221,1.3074
Tandem,without concrete shoulders,300,15,300,0.15,0.4119,5.6033
Tandem,without concrete shoulders,300,15,300,0.2,0.511,3.439
Tandem,without concrete shoulders,300,15,300,0.25,0.6041,2.4441
Tandem,without concrete shoulders,300,15,300,0.3,0.6927,1.9088
Tandem,without concrete shoulders,300,15,300,0.35,0.7775,1.5901
Tandem,without concrete shoulders,300,15,300,0.4,0.8594,1.3866
Tandem,without concrete shoulders,300,20,40,0.15,0.6816,7.2741
Tandem,without concrete shoulders,300,20,40,0.2,0.8457,4.2415
Tandem,without concrete shoulders,300,20,40,0.25,0.9998,2.843
Tandem,without concrete shoulders,300,20,40,0.3,1.1463,2.0872
Tandem,without concrete shoulders,300,20,40,0.35,1.2867,1.6345
Tandem,without concrete shoulders,300,20,40,0.4,1.4223,1.3433
Tandem,without concrete shoulders,300,20,80,0.15,0.5731,7.2509
Tandem,without concrete shoulders,300,20,80,0.2,0.7111,4.2147
Tandem,without concrete shoulders,300,20,80,0.25,0.8407,2.813
Tandem,without concrete shoulders,300,20,80,0.3,0.9639,2.0543
Tandem,without concrete shoulders,300,20,80,0.35,1.082,1.599
Tandem,without concrete shoulders,300,20,80,0.4,1.196,1.3053
Tandem,without concrete shoulders,300,20,150,0.15,0.4898,6.5619
Tandem,without concrete shoulders,300,20,150,0.2,0.6077,3.9752
Tandem,without concrete shoulders,300,20,150,0.25,0.7184,2.7835
Tandem,without concrete shoulders,300,20,150,0.3,0.8237,2.1405
Tandem,without concrete shoulders,300,20,150,0.35,0.9247,1.7561
Tandem,without concrete shoulders,300,20,150,0.4,1.0221,1.5094
Tandem,without concrete shoulders,300,20,300,0.15,0.4119,5.8748
Tandem,without concrete shoulders,300,20,300,0.2,0.511,3.7105
Tandem,without concrete shoulders,300,20,300,0.25,0.6041,2.7156
Tandem,without concrete shoulders,300,20,300,0.3,0.6927,2.1803
Tandem,without concrete shoulders,300,20,300,0.35,0.7775,1.8616
Tandem,without concrete shoulders,300,20,300,0.4,0.8594,1.6581
Tandem,without concrete shoulders,320,0,40,0.15,0.6816,7.2801
Tandem,without concrete shoulders,320,0,40,0.2,0.8457,4.0445
Tandem,without concrete shoulders,320,0,40,0.25,0.9998,2.552
Tandem,without concrete shoulders,320,0,40,0.3,1.1463,1.7451
Tandem,without concrete shoulders,320,0,40,0.35,1.2867,1.2617
Tandem,without concrete shoulders,320,0,40,0.4,1.4223,0.9505
Tandem,without concrete shoulders,320,0,80,0.15,0.5731,7.2569
Tandem,without concrete shoulders,320,0,80,0.2,0.7111,4.0177
Tandem,without concrete shoulders,320,0,80,0.25,0.8407,2.522
Tandem,without concrete shoulders,320,0,80,0.3,0.9639,1.7123
Tandem,without concrete shoulders,320,0,80,0.35,1.082,1.2262
Tandem,without concrete shoulders,320,0,80,0.4,1.196,0.9126
Tandem,without concrete shoulders,320,0,150,0.15,0.4898,6.1502
Tandem,without concrete shoulders,320,0,150,0.2,0.6077,3.3901
Tandem,without concrete shoulders,320,0,150,0.25,0.7184,2.1182
Tandem,without concrete shoulders,320,0,150,0.3,0.8237,1.4315
Tandem,without concrete shoulders,320,0,150,0.35,0.9247,1.0209
Tandem,without concrete shoulders,320,0,150,0.4,1.0221,0.7571
Tandem,without concrete shoulders,320,0,300,0.15,0.4119,5.1211
Tandem,without concrete shoulders,320,0,300,0.2,0.511,2.8114
Tandem,without concrete shoulders,320,0,300,0.25,0.6041,1.7492
Tandem,without concrete shoulders,320,0,300,0.3,0.6927,1.1773
Tandem,without concrete shoulders,320,0,300,0.35,0.7775,0.8366
Tandem,without concrete shoulders,320,0,300,0.4,0.8594,0.6188
Tandem,without concrete shoulders,320,10,40,0.15,0.6816,7.5091
Tandem,without concrete shoulders,320,10,40,0.2,0.8457,4.2735
Tandem,without concrete shoulders,320,10,40,0.25,0.9998,2.781
Tandem,without concrete shoulders,320,10,40,0.3,1.1463,1.9741
Tandem,without concrete shoulders,320,10,40,0.35,1.2867,1.4907
Tandem,without concrete shoulders,320,10,40,0.4,1.4223,1.1795
Tandem,without concrete shoulders,320,10,80,0.15,0.5731,7.4859
Tandem,without concrete shoulders,320,10,80,0.2,0.7111,4.2467
Tandem,without concrete shoulders,320,10,80,0.25,0.8407,2.751
Tandem,without concrete shoulders,320,10,80,0.3,0.9639,1.9413
Tandem,without concrete shoulders,320,10,80,0.35,1.082,1.4552
Tandem,without concrete shoulders,320,10,80,0.4,1.196,1.1416
Tandem,without concrete shoulders,320,10,150,0.15,0.4898,6.5542
Tandem,without concrete shoulders,320,10,150,0.2,0.6077,3.7941
Tandem,without concrete shoulders,320,10,150,0.25,0.7184,2.5222
Tandem,without concrete shoulders,320,10,150,0.3,0.8237,1.8355
Tandem,without concrete shoulders,320,10,150,0.35,0.9247,1.4249
Tandem,without concrete shoulders,320,10,150,0.4,1.0221,1.1611
Tandem,without concrete shoulders,320,10,300,0.15,0.4119,5.6641
Tandem,without concrete shoulders,320,10,300,0.2,0.511,3.3544
Tandem,without concrete shoulders,320,10,300,0.25,0.6041,2.2922
Tandem,without concrete shoulders,320,10,300,0.3,0.6927,1.7203
Tandem,without concrete shoulders,320,10,300,0.35,0.7775,1.3796
Tandem,without concrete shoulders,320,10,300,0.4,0.8594,1.1618
Tandem,without concrete shoulders,320,15,40,0.15,0.6816,7.6236
Tandem,without concrete shoulders,320,15,40,0.2,0.8457,4.388
Tandem,without concrete shoulders,320,15,40,0.25,0.9998,2.8955
Tandem,without concrete shoulders,320,15,40,0.3,1.1463,2.0886
Tandem,without concrete shoulders,320,15,40,0.35,1.2867,1.6052
Tandem,without concrete shoulders,320,15,40,0.4,1.4223,1.294
Tandem,without concrete shoulders,320,15,80,0.15,0.5731,7.6004
Tandem,without concrete shoulders,320,15,80,0.2,0.7111,4.3612
Tandem,without concrete shoulders,320,15,80,0.25,0.8407,2.8655
Tandem,without concrete shoulders,320,15,80,0.3,0.9639,2.0558
Tandem,without concrete shoulders,320,15,80,0.35,1.082,1.5697
Tandem,without concrete shoulders,320,15,80,0.4,1.196,1.2561
Tandem,without concrete shoulders,320,15,150,0.15,0.4898,6.7562
Tandem,without concrete shoulders,320,15,150,0.2,0.6077,3.9961
Tandem,without concrete shoulders,320,15,150,0.25,0.7184,2.7242
Tandem,without concrete shoulders,320,15,150,0.3,0.8237,2.0375
Tandem,without concrete shoulders,320,15,150,0.35,0.9247,1.6269
Tandem,without concrete shoulders,320,15,150,0.4,1.0221,1.3631
Tandem,without concrete shoulders,320,15,300,0.15,0.4119,5.9356
Tandem,without concrete shoulders,320,15,300,0.2,0.511,3.6259
Tandem,without concrete shoulders,320,15,300,0.25,0.6041,2.5637
Tandem,without concrete shoulders,320,15,300,0.3,0.6927,1.9918
Tandem,without concrete shoulders,320,15,300,0.35,0.7775,1.6511
Tandem,without concrete shoulders,320,15,300,0.4,0.8594,1.4333
Tandem,without concrete shoulders,320,20,40,0.15,0.6816,7.7381
Tandem,without concrete shoulders,320,20,40,0.2,0.8457,4.5025
Tandem,without concrete shoulders,320,20,40,0.25,0.9998,3.01
Tandem,without concrete shoulders,320,20,40,0.3,1.1463,2.2031
Tandem,without concrete shoulders,320,20,40,0.35,1.2867,1.7197
Tandem,without concrete shoulders,320,20,40,0.4,1.4223,1.4085
Tandem,without concrete shoulders,320,20,80,0.15,0.5731,7.7149
Tandem,without concrete shoulders,320,20,80,0.2,0.7111,4.4757
Tandem,without concrete shoulders,320,20,80,0.25,0.8407,2.98
Tandem,without concrete shoulders,320,20,80,0.3,0.9639,2.1703
Tandem,without concrete shoulders,320,20,80,0.35,1.082,1.6842
Tandem,without concrete shoulders,320,20,80,0.4,1.196,1.3706
Tandem,without concrete shoulders,320,20,150,0.15,0.4898,6.9582
Tandem,without concrete shoulders,320,20,150,0.2,0.6077,4.1981
Tandem,without concrete shoulders,320,20,150,0.25,0.7184,2.9262
Tandem,without concrete shoulders,320,20,150,0.3,0.8237,2.2395
Tandem,without concrete shoulders,320,20,150,0.35,0.9247,1.8289
Tandem,without concrete shoulders,320,20,150,0.4,1.0221,1.5651
Tandem,without concrete shoulders,320,20,300,0.15,0.4119,6.2071
Tandem,without concrete shoulders,320,20,300,0.2,0.511,3.8974
Tandem,without concrete shoulders,320,20,300,0.25,0.6041,2.8352
Tandem,without concrete shoulders,320,20,300,0.3,0.6927,2.2633
Tandem,without concrete shoulders,320,20,300,0.35,0.7775,1.9226
Tandem,without concrete shoulders,320,20,300,0.4,0.8594,1.7048
